country,party,election,mean_score,se_score,lr_log,lr_abs
Austria,42110,1999,-0.43137013706840494,0.02128908012272685,-1.5497808358627818,-0.5622448979591836
Austria,42110,2002,-0.3864204051903823,0.026936709528336194,-1.901309669171031,-0.5445255474452555
Austria,42110,2006,-0.39616194673099203,0.023794154581529864,-2.2311620866538027,-0.6176046176046176
Austria,42110,2008,-0.3784093501791277,0.023429076905076496,-1.9103415460775715,-0.5738880918220947
Austria,42110,2013,-0.4385144580912205,0.013669292786054452,-1.964988629160552,-0.5696994991652755
Austria,42110,2017,-0.44428927714682726,0.01947889040962543,-2.495999748861524,-0.6516129032258065
Austria,42110,2019,-0.4240974047389372,0.014290169474572166,-2.7905907339400056,-0.6818980667838312
Austria,42120,2017,-0.11686354662103032,0.07714572816957066,-1.2417131323087829,-0.22535211267605634
Austria,42220,2008,-0.2320766328155878,0.04950922605376195,-1.3168658546881273,-0.48695652173913045
Austria,42320,1999,-0.2533118101648872,0.022186660466457262,-1.187223139113474,-0.37374860956618466
Austria,42320,2002,-0.24760610922341234,0.021031709849444934,-1.3346941299589048,-0.41702867072111205
Austria,42320,2006,-0.3356626286888495,0.029486624672666727,-1.3232362251527539,-0.42995839112343964
Austria,42320,2008,-0.3715646797577422,0.020489592003869614,-1.3941431349119622,-0.4397339983374896
Austria,42320,2013,-0.39309259613454683,0.032070196914048395,-2.03485763507181,-0.5917241379310345
Austria,42320,2017,-0.21178791439128358,0.0160993339697844,-1.1500578557255485,-0.39023494860499264
Austria,42320,2019,-0.4633062445124226,0.015890447196115688,-2.3277147112287446,-0.6759162303664922
Austria,42420,1999,-0.03647147640083017,0.025992955286968468,0.049628504305160526,0.015625
Austria,42420,2002,-0.15197954809830422,0.015729040473942062,-0.921139443896692,-0.3148425787106447
Austria,42420,2006,-0.03679481630723995,0.043916178855902946,-0.4008884410807525,-0.16615384615384615
Austria,42420,2008,-0.046888823443349256,0.03679031570641724,-0.6785178705439865,-0.2532467532467532
Austria,42420,2013,0.031216319652650364,0.07480149325285813,0.39128047311620806,0.14782608695652175
Austria,42420,2017,-0.08133365578186681,0.041908471996669076,0.15967908004419495,0.06415929203539823
Austria,42420,2019,-0.16142304435615557,0.047452212188397534,0.10986647757853252,0.04054054054054054
Austria,42430,2013,-0.19970183344680595,0.02186492125795484,-1.3368460857059095,-0.3913894324853229
Austria,42430,2017,-0.19932861613586492,0.062130608694093446,-0.5780778507751583,-0.21428571428571427
Austria,42430,2019,-0.24858022576635894,0.01921105628315935,-0.8361835475894868,-0.2886421861656704
Austria,42520,1999,-0.12770520869715535,0.011728469092866758,-0.6731347410449304,-0.22546515870120393
Austria,42520,2002,-0.23732283516490688,0.013407375049776387,-1.1906423380222755,-0.34734411085450345
Austria,42520,2006,-0.16879573787465743,0.018680120045476846,-0.7320311500215126,-0.2543689320388349
Austria,42520,2008,-0.13647334243246723,0.03497253231058024,-0.6074448756253039,-0.23770491803278687
Austria,42520,2013,-0.2665074204288774,0.023456499334112903,-0.7986011497947754,-0.28141135972461273
Austria,42520,2017,-0.03692149445734389,0.013234108777093958,0.2084583790584933,0.07906976744186046
Austria,42520,2019,-0.024807395615633852,0.031955645257691206,-0.06219620786990543,-0.025034770514603615
Austria,42710,2006,-0.009205754528137381,0.035933888408306774,-0.27634483864861803,-0.10752688172043011
Austria,42710,2008,-0.11586598281829488,0.04766218888331361,-0.784244610584647,-0.29941860465116277
Austria,42951,2013,-0.06925693917636815,0.018681840611598017,-0.24939356714476357,-0.06634304207119741
Belgium,21111,2007,-0.3125792714996641,0.00779162941106964,-2.244754184172465,-0.46690556492411467
Belgium,21111,2010,-0.33168996735368084,0.011300786920107522,-2.564949357461537,-0.6028169014084507
Belgium,21111,2019,-0.4084275350794712,0.010277528663451673,-2.272759740424741,-0.6670157068062827
Belgium,21112,2007,-0.3735445710045759,0.01189146504431585,-1.45026374273725,-0.5247673371359952
Belgium,21112,2010,-0.33189281422526157,0.01793892725127399,-1.0019799819359019,-0.38260432378079434
Belgium,21112,2014,-0.41402001194588245,0.0057496177047672075,-2.1608594287512775,-0.5891494509584961
Belgium,21112,2019,-0.4384597743205705,0.012310041883456935,-2.2669696113257247,-0.6371799135350849
Belgium,21221,2007,-0.3929416542498233,0.04645445197690135,-1.3901331374270565,-0.5104166666666666
Belgium,21230,2014,-0.31096778399904146,0.010646985950905364,-2.485360267396141,-0.7253588516746412
Belgium,21230,2019,-0.368645645841946,0.007813792011103026,-2.764239314009127,-0.7113431554856243
Belgium,21321,2007,-0.4529221516548142,0.05039287944675105,-2.146580844517464,-0.6496815286624203
Belgium,21321,2010,-0.2994297619327621,0.023586329775137353,-0.9700748092153324,-0.3641304347826087
Belgium,21321,2014,-0.24179155903298227,0.009017970329757746,-1.5353917239756818,-0.4760119940029985
Belgium,21321,2019,-0.38971723485956533,0.011707962611992008,-1.9744944122245558,-0.6331491712707182
Belgium,21322,2007,-0.37733058364680244,0.007085045873090005,-2.6176495584982984,-0.6489761805265357
Belgium,21322,2010,-0.3264764175367456,0.014982045177823887,-1.529313635365356,-0.49530621367903443
Belgium,21322,2014,-0.3516950513962279,0.008188061656709074,-1.7666583884875209,-0.5264802142219578
Belgium,21322,2019,-0.4658395770640212,0.006114017878101074,-2.25620120354834,-0.6790006624396707
Belgium,21330,2007,-0.26960314129829266,0.02322304880146173,-1.2164946144005313,-0.4390485629335976
Belgium,21421,2007,-0.18442972728620796,0.015609306360024335,-0.5050169307226575,-0.18268746854554604
Belgium,21421,2010,-0.03668115303167267,0.018105414100694668,-0.004709584843085146,-0.0018714909544603868
Belgium,21421,2014,-0.07612599616559015,0.020397160378102165,-0.6615611147234288,-0.23406040268456377
Belgium,21421,2019,-0.1786686212715757,0.017570674638293968,-1.0183166953878349,-0.35324675324675325
Belgium,21426,2007,-0.20090215725240365,0.007865511328204226,-1.6308212696604034,-0.4576187335092348
Belgium,21426,2010,-0.1932584594291548,0.009847160221152592,-0.5575984380481085,-0.1687625296154547
Belgium,21426,2014,-0.23161874939824317,0.006599690065950941,-0.4307550087263037,-0.16430112410582492
Belgium,21426,2019,-0.20467984625936644,0.010177449342510072,-0.8078156419521836,-0.28726899383983573
Belgium,21430,2007,0.07665828081315759,0.020326556014423038,0.6779510962075994,0.2345679012345679
Belgium,21430,2010,0.15361263448208132,0.0827964322349036,1.9859154836690123,0.5365853658536586
Belgium,21521,2007,-0.04437830991346858,0.01769430861752237,-0.262641926554517,-0.0959409594095941
Belgium,21521,2010,-0.010641474545732308,0.018207506539517516,-0.21089997020849793,-0.08031341821743389
Belgium,21521,2014,-0.15433274779139436,0.009816301294287,-0.656665569781163,-0.21634910878918254
Belgium,21521,2019,-0.3188781082184204,0.00857260880584554,-1.2156655723035348,-0.4231232436772381
Belgium,21522,2007,-0.28648572021191887,0.007084564073491066,-1.9746477588226705,-0.5150488339645206
Belgium,21522,2010,-0.217938743418858,0.008872635810406005,-1.4702243428818278,-0.40885684860968075
Belgium,21522,2014,-0.35892612674197194,0.007067072783587853,-1.331661368971722,-0.4535475234270415
Belgium,21522,2019,-0.32555478499175167,0.03089134138934196,-1.7306050460747242,-0.45666666666666667
Belgium,21710,2014,-0.020187779598704856,0.02846865604019808,0.476039507680575,0.17483660130718953
Belgium,21912,2014,-0.2080109253047904,0.01407687400444867,-0.9294473493467263,-0.29721496953872933
Belgium,21912,2019,-0.18013997390726189,0.007811616163819265,-0.6340055441275991,-0.2709278350515464
Belgium,21916,2007,0.03045482050367057,0.02403535473109853,0.6273628356019163,0.24806949806949807
Belgium,21916,2010,0.12282555457709829,0.018885080522654155,0.4462404270933922,0.17720588235294119
Belgium,21916,2014,-0.006142397144298269,0.012778868482839122,0.1336071014484217,0.043849869936826456
Belgium,21916,2019,-0.03597669839931715,0.015767650496695502,-0.10610318186351719,-0.04001416430594901
Belgium,21917,2007,0.18003456200240378,0.014641860130542117,0.9569967776436279,0.36547776309995594
Belgium,21917,2010,0.36041568940648955,0.023652637966405994,1.2823678311630822,0.5175953079178885
Belgium,21917,2014,0.25967450164385525,0.030794869725958858,0.9021060968821981,0.34076015727391873
Belgium,21917,2019,0.029308269527754647,0.01514075943601115,0.31761214552169115,0.12217741935483871
Denmark,13001,2007,-0.2922824338078499,0.07444638125582746,-0.9734491457141035,-0.2916666666666667
Denmark,13001,2011,0.08671005439895833,0.05114218928273115,0.9501922835498364,0.26436781609195403
Denmark,13001,2015,-0.27254793089875756,0.04538813826047561,0.10426101032440949,0.046296296296296294
Denmark,13001,2019,-0.055480900339316574,0.04841865661775362,-0.2406760300758508,-0.0970873786407767
Denmark,13110,2015,-0.360561263784728,0.04834659699216306,-1.7025283355001122,-0.5575757575757576
Denmark,13110,2019,-0.3766905862242466,0.015002963257401228,-3.382407228653845,-0.7906137184115524
Denmark,13229,1998,-0.40293354194994513,0.051242638656252025,-1.5671781031442173,-0.47413793103448276
Denmark,13229,2005,-0.4021309866789686,0.033275238931695324,-2.8874434981170762,-0.7892156862745098
Denmark,13229,2007,-0.38637222895405493,0.03566392829056709,-2.176336089388864,-0.5544554455445545
Denmark,13229,2011,-0.3896946859099632,0.0241870549931741,-2.910796662748205,-0.6755555555555556
Denmark,13229,2015,-0.6650400515951094,0.03278014895480282,-3.788724789083653,-0.9642857142857143
Denmark,13229,2019,-0.5014216762749,0.03474562216763017,-3.1437416853591666,-0.8472727272727273
Denmark,13230,1998,-0.423401801532649,0.03372551682635617,-2.497453865840089,-0.6279863481228669
Denmark,13230,2005,-0.5353829106137784,0.02342943420897942,-2.5860274211877905,-0.762906309751434
Denmark,13230,2007,-0.5161360082184446,0.06875306969431225,-2.41789593950504,-0.6571428571428571
Denmark,13230,2011,-0.4406284113311707,0.02607363912541893,-2.290179696136558,-0.659877800407332
Denmark,13230,2015,-0.6278780522671613,0.045566321157376584,-5.910796644040527,-0.9533678756476683
Denmark,13230,2019,-0.4627877494911438,0.02243250156537953,-2.7837961752601705,-0.7384370015948963
Denmark,13320,1998,-0.23725333414103095,0.03463330653351549,-0.33647223662121295,-0.1279373368146214
Denmark,13320,2001,-0.36810345929476496,0.019297660811577917,-1.2187920326045676,-0.3790322580645161
Denmark,13320,2005,-0.4635635656498683,0.030970096096491647,-1.0804299695849195,-0.3737024221453287
Denmark,13320,2007,-0.22996980919896698,0.055176558112226465,-1.0551271767283708,-0.37606837606837606
Denmark,13320,2011,-0.23986041596478347,0.04646052336651179,-0.7124403834946245,-0.23668639053254437
Denmark,13320,2015,-0.14063150137455344,0.03094512818519861,-0.8472978603872034,-0.3310104529616725
Denmark,13320,2019,-0.3280798098957431,0.01392665498479889,-1.1339988114335533,-0.4582210242587601
Denmark,13330,1998,-0.3095001808222998,0.04016098140440085,-1.2505627475857657,-0.37850467289719625
Denmark,13330,2005,-0.2719681802205741,0.08297452152795692,-0.7091475219063863,-0.25
Denmark,13410,1998,-0.2262616832461208,0.05206238451456639,-1.0615710169877604,-0.3170731707317073
Denmark,13410,2005,-0.2780511076879603,0.07164526898641149,-0.7290791897860087,-0.25
Denmark,13410,2007,-0.2233998479321599,0.07363055358813814,-1.4842747694800944,-0.5576923076923077
Denmark,13410,2011,-0.26381447132817415,0.05108315266552496,-1.1644255072376817,-0.4251968503937008
Denmark,13410,2015,-0.1826475440793729,0.10073253721810209,-1.9459101490553135,-0.65625
Denmark,13410,2019,-0.38765061037002324,0.02369395928487674,-1.8763168572561186,-0.682258064516129
Denmark,13420,1998,0.012985250693471992,0.0821140380022949,0.8549902060103594,0.35714285714285715
Denmark,13420,2005,-0.25321307757039024,0.050956385098318055,-0.21783849908451636,-0.09090909090909091
Denmark,13420,2007,-0.13460922066854739,0.05754228554161911,-0.4603417183339986,-0.14728682170542637
Denmark,13420,2011,-0.13514372468133398,0.04320298273127897,-0.2113090936672064,-0.09734513274336283
Denmark,13420,2015,0.01676410505254018,0.08819144462894123,0.967992106251045,0.39603960396039606
Denmark,13420,2019,-0.36915744175458304,0.0509286984525067,-1.225767464153356,-0.4965034965034965
Denmark,13520,1998,0.0029167005590893125,0.07759461497302203,0.4723593429381947,0.19753086419753085
Denmark,13520,2005,-0.2131461210983335,0.037197640477341413,-0.8684347106965205,-0.3592233009708738
Denmark,13620,1998,-0.00427357817239635,0.05361206629993705,0.3038232886311665,0.1271186440677966
Denmark,13620,2005,-0.060239159896717236,0.0525877276917999,0.2120587188897174,0.08571428571428572
Denmark,13620,2007,-0.21476158225753655,0.07947070843030012,-0.7008100533055148,-0.2727272727272727
Denmark,13620,2011,0.16562046959823992,0.0587036947667562,0.6867979528812871,0.2746478873239437
Denmark,13620,2015,0.03487975150346756,0.09159318686633132,1.6529230243738393,0.5428571428571428
Denmark,13620,2019,-0.09410564442622667,0.027386052535816652,-0.4540939949609015,-0.2037037037037037
Denmark,13720,1998,0.06728742587126492,0.08693244657807318,1.047968555849355,0.35714285714285715
Denmark,13720,2005,0.1554573335312307,0.10014794025815092,0.6466271649250523,0.3
Denmark,13720,2007,-0.07216875446546409,0.14305254477778878,0.08515780834030728,0.0425531914893617
Denmark,13720,2011,0.035439246918571914,0.03873699108448863,0.8604235615450229,0.34104046242774566
Denmark,13720,2015,0.1825464477141698,0.17067305916108633,1.0586069540544107,0.5
Denmark,13720,2019,0.10728301568066373,0.10889007402207841,0.44685032427101845,0.2127659574468085
Denmark,13730,2019,-0.09547168820843166,0.027618086456831975,0.003558722616993748,0.001466275659824047
Denmark,13951,1998,0.013392324681349453,0.10887011328770364,0.987386653557885,0.32
Finland,14110,2007,-0.4119579837511205,0.040883532880100736,-1.8511423176327177,-0.6235294117647059
Finland,14110,2011,-0.42773281942842706,0.02763324383514727,-2.374611333844326,-0.6239870340356564
Finland,14110,2015,-0.6142345599878882,0.030705136113274568,-2.3180209011238855,-0.7410071942446043
Finland,14110,2019,-0.5459471024791738,0.02850027357379998,-2.805688670666126,-0.7849740932642487
Finland,14223,2007,-0.4665042108136307,0.03556031870548914,-2.19722457733622,-0.6461538461538462
Finland,14223,2011,-0.5804596733298815,0.04096559696501803,-1.8038808297603994,-0.6046511627906976
Finland,14223,2015,-0.3744224097265676,0.027528345224196952,-2.4135818689660695,-0.6256684491978609
Finland,14223,2019,-0.5496018097682198,0.020886686312364965,-3.059228585113119,-0.8045774647887324
Finland,14320,2007,-0.30621305930043297,0.03858650596044196,-1.6055468569411335,-0.5150753768844221
Finland,14320,2011,-0.10389760789216798,0.029983485005125658,-0.5148578872939291,-0.17513134851138354
Finland,14320,2015,-0.4316871521129672,0.0458883707017714,-1.275542996827188,-0.4838709677419355
Finland,14320,2019,-0.38598955191695633,0.014955276634739226,-1.5852316997032965,-0.5472883597883598
Finland,14440,2019,-0.30866485112384023,0.07513514956801719,-1.1147416705979936,-0.4666666666666667
Finland,14520,2007,-0.21169330324983093,0.0488187723633326,-0.7151953177817072,-0.2949640287769784
Finland,14520,2011,-0.20836057864477073,0.037916450013171954,-0.6378397621582481,-0.2664576802507837
Finland,14520,2015,-0.1454714073410211,0.03740025399853022,-0.17693070815907763,-0.07450331125827815
Finland,14520,2019,-0.22312319713958703,0.03420417139229766,-0.6915586178748079,-0.2808586762075134
Finland,14620,2007,-0.34371682482147164,0.04746890468854826,-1.042145677000338,-0.43333333333333335
Finland,14620,2011,-0.17053638359144183,0.03785965124709765,-0.5543107357057293,-0.175
Finland,14620,2015,-0.29871026820385965,0.041758044956629575,-0.5834832693420662,-0.22841225626740946
Finland,14620,2019,-0.23168564125393232,0.0557933328812298,-0.44652659490593827,-0.188
Finland,14810,2007,-0.16461695799188075,0.0294976824842549,-0.8669786924210685,-0.30434782608695654
Finland,14810,2011,-0.2334805079927952,0.024792380159482156,-0.8448787482307463,-0.29734848484848486
Finland,14810,2015,-0.22586995300999782,0.05069303716891706,-0.4077933978677555,-0.1565217391304348
Finland,14810,2019,-0.3217813789803497,0.034329832797190596,-1.2076310263309047,-0.4497991967871486
Finland,14820,2007,-0.031063399179938316,0.031152021476673456,0.19199385143646275,0.08404802744425385
Finland,14820,2011,-0.07345197100009505,0.020955342153418675,-0.03237079914202212,-0.012811867835468645
Finland,14820,2015,-0.13932703146027722,0.017091356228619254,-0.4052007326935376,-0.17470881863560733
Finland,14820,2019,-0.15791830188513803,0.01740913167583725,-0.5901318170322467,-0.24817798235519756
Finland,14901,2007,-0.19331070623187305,0.07810004262710772,-1.6094379124341005,-0.5849056603773585
Finland,14901,2011,-0.3392223304631616,0.054165204326339804,-1.4176168322489318,-0.5029239766081871
Finland,14901,2015,-0.2826937693614747,0.04319974853628474,-1.039070894977093,-0.4020356234096692
Finland,14901,2019,-0.20239942817081613,0.03497088908081878,-1.2296082414187701,-0.44421906693711966
France,31021,2012,-0.37147341527421085,0.023237728303306025,-2.336039809458553,-0.606425702811245
France,31110,2012,-0.4039122890446712,0.01859504255638783,-2.046942374286882,-0.6415929203539823
France,31110,2017,-0.3679153005005749,0.0450046469819294,-2.023413710210174,-0.5818181818181818
France,31220,2017,-0.23977371083353372,0.09239583287414968,-2.2407096892759584,-0.5833333333333334
France,31230,2012,-0.3782711435489534,0.030442885796218375,-1.9084417893082524,-0.6331877729257642
France,31230,2017,-0.17984760345849046,0.0320708963404938,-1.0694840157450862,-0.37243947858473
France,31240,2017,-0.3391064728886973,0.0221252152517701,-1.7093007178569124,-0.571150097465887
France,31320,2012,-0.3134556354072533,0.046408025918742234,-1.1950725548556722,-0.4252336448598131
France,31320,2017,-0.32971903823878773,0.07709865999587823,-1.7283898552954655,-0.5789473684210527
France,31421,2012,-0.26684930167857157,0.03847115169885366,-1.1869978585358032,-0.4020979020979021
France,31425,2017,-0.1779214045786719,0.04026127060458419,-0.7472144018302211,-0.26243093922651933
France,31430,2017,-0.12296971498853376,0.051222967408828896,-0.28912611602401395,-0.11284046692607004
France,31624,2012,-0.1910960304579346,0.04024738145486104,-0.9282409012448127,-0.3389830508474576
France,31624,2017,-0.28293390275882274,0.03462004406264853,-1.2691488772861872,-0.415929203539823
France,31626,2012,-0.18792717965691155,0.03442822670626542,-0.18098017496975327,-0.07838983050847458
France,31626,2017,-0.12296974302084256,0.05122297040742684,-0.28912611602401395,-0.11284046692607004
France,31630,2012,-0.28438207765513934,0.02355573681815826,-1.378819686703185,-0.4847222222222222
France,31631,2012,-0.06994944778405345,0.0710026971246183,-0.04000533461369882,-0.013888888888888888
France,31720,2012,-0.035397669758496515,0.041580169397139995,0.13512586545768013,0.05723905723905724
France,31720,2017,-0.14659948713864043,0.05135428922225156,-0.17780687643942805,-0.07531380753138076
Germany,41113,1998,-0.3786141921914801,0.014950054302429624,-1.8727513938689233,-0.5239661654135338
Germany,41113,2002,-0.3375616696251637,0.01983389062103613,-1.656601958289114,-0.4867469879518072
Germany,41113,2005,-0.3638674880760944,0.019728124405863374,-1.6817019889238818,-0.4822961373390558
Germany,41113,2009,-0.3348881920262498,0.011525796063852437,-1.9264103067248817,-0.5321996097017005
Germany,41113,2013,-0.3953445887785652,0.010424427635688694,-1.8628105596127282,-0.5296500920810313
Germany,41113,2017,-0.4196011877866994,0.012660760522870835,-2.220597354650727,-0.6771612903225807
Germany,41113,2021,-0.43407194813920247,0.010071834837260013,-1.9368619512406102,-0.5959493670886076
Germany,41221,1998,-0.3118120089999155,0.020403345811672517,-1.821873449475838,-0.47921225382932164
Germany,41221,2002,-0.41900103537958905,0.02312654194279703,-1.5922290747534609,-0.48933649289099523
Germany,41222,2005,-0.3731375364787466,0.02680452503815969,-1.9224715760832964,-0.5654450261780105
Germany,41223,2009,-0.45240483798369663,0.014995135656113802,-2.046270290189975,-0.5987951807228916
Germany,41223,2013,-0.3472223292922849,0.01407398772967383,-2.16927515978799,-0.6067961165048543
Germany,41223,2017,-0.4757854489982132,0.010025882100997849,-2.851938669234417,-0.7479055597867479
Germany,41223,2021,-0.4102273867291595,0.00990395322144701,-2.4703137139391123,-0.6986414162206669
Germany,41320,1998,-0.18800211875252848,0.02448776742778024,-0.49237065939263225,-0.17006109979633402
Germany,41320,2002,-0.11886694901193356,0.021945124697373673,-0.4777562192969844,-0.1496894409937888
Germany,41320,2005,-0.20797632289503917,0.028020202192868614,-0.6317497883232353,-0.2222222222222222
Germany,41320,2009,-0.3933071446080778,0.01601809892208087,-1.6419108081793592,-0.4842393787117405
Germany,41320,2013,-0.37107654401513845,0.01195465917200973,-1.3289776367693769,-0.4451345755693582
Germany,41320,2017,-0.3170147571728596,0.014299638400114221,-1.374031608381646,-0.4695421869088157
Germany,41320,2021,-0.3306681881131918,0.01791762409257256,-1.6943989962373047,-0.5481569560047562
Germany,41420,1998,-0.08032572119030788,0.017034328085147567,0.05790040183095524,0.018401015228426396
Germany,41420,2002,-0.09326112329322096,0.015347983474553335,-0.4241572411203167,-0.13420787083753785
Germany,41420,2005,-0.07041809602665189,0.019777332180881357,-0.17958557697508049,-0.05512367491166078
Germany,41420,2009,-0.055201848697790885,0.018178332612858342,-0.6314401234679581,-0.19955156950672645
Germany,41420,2013,-0.1601581552191305,0.014129982607364635,-0.2378150575001694,-0.07677394338891043
Germany,41420,2017,-0.1156936999513662,0.015225235189934525,-0.42445223997011716,-0.17043813192103996
Germany,41420,2021,-0.2349847804868769,0.017951833050787222,-0.5516911971032119,-0.2095702259636686
Germany,41521,1998,0.10069620172038816,0.03416105815722095,0.7728928438231586,0.27355072463768115
Germany,41521,2002,-0.027475047099332437,0.025191139598673022,0.22969058903567063,0.08669201520912548
Germany,41521,2005,-0.030671266836976525,0.03482703168646726,0.4898667727451471,0.16558861578266496
Germany,41521,2009,-0.2166261923772069,0.017808113160824608,-0.4409571839456161,-0.1488607594936709
Germany,41521,2013,-0.1159660268009875,0.01601001339822721,-0.40200369932157454,-0.13908313908313907
Germany,41521,2017,-0.08102851547950266,0.025981770342940615,-0.4615322655309946,-0.1780923994038748
Germany,41521,2021,-0.11145384216860776,0.016361278052003537,-0.4060598152324415,-0.15171171171171172
Germany,41912,2021,-0.4363092106061978,0.01902417823437895,-2.0608433680209357,-0.6309611151870873
Germany,41952,2013,-0.27961950382058903,0.013974090450904985,-2.8212696624453666,-0.479933110367893
Germany,41953,2013,-0.016925118768139166,0.07288697727172844,0.2937611185281632,0.0958904109589041
Germany,41953,2017,0.06627899207161066,0.02336343477388877,0.7970781034081771,0.3187250996015936
Germany,41953,2021,0.048122358899728324,0.0200985135147972,0.8275343712683645,0.3284625158831004
Greece,34020,2004,-0.19854328889336043,0.0440917944191852,-1.7386496439141061,-0.425
Greece,34020,2007,-0.19815663520906432,0.06852036929906338,-0.7129498078561247,-0.23214285714285715
Greece,34020,2009,-0.2875629301697975,0.0670840942747076,-2.624668592163159,-0.38095238095238093
Greece,34020,2012,-0.2673918238246095,0.029628653001437837,-1.8494498828677512,-0.43148148148148147
Greece,34210,2004,-0.06053594622528181,0.042099984576041374,0.2911970145592253,0.10344827586206896
Greece,34210,2007,-0.4610357418396445,0.058847177962399036,-1.6496443329121409,-0.6259541984732825
Greece,34210,2009,0.02780421133567062,0.007351279703979479,1.9459101490553135,0.04411764705882353
Greece,34210,2012,-0.024047948490112537,0.015485414316489055,-0.07441448556608332,-0.01278409090909091
Greece,34210,2015,-0.10070276824733489,0.031131701676423245,-0.7410032017375805,-0.15819209039548024
Greece,34210,2019,-0.13627824941464828,0.031027398319220287,-1.3955110162248148,-0.17083333333333334
Greece,34211,1996,-0.2530226738733472,0.05919092234302906,0.16400297627026994,0.06666666666666667
Greece,34212,2012,-0.22865946363382872,0.019820888506696128,-1.7470114040878038,-0.3762200532386868
Greece,34212,2015,-0.1803768085180278,0.012778060124514837,-0.9463613347221767,-0.28081740276862227
Greece,34212,2019,-0.2676726929806221,0.050143062732150294,-1.8270761411529546,-0.5911111111111111
Greece,34213,2012,-0.14163071671609334,0.014185393885656716,-0.6901285634765859,-0.23481012658227848
Greece,34214,2015,-0.11038745841779997,0.04213611726730867,-0.6980854622005275,-0.2170212765957447
Greece,34215,2019,-0.18719697157913204,0.026072720544625772,-1.0531499145913523,-0.3565365025466893
Greece,34313,2004,-0.2410963881764872,0.012951294404344341,-0.9599183563094273,-0.24526653073113894
Greece,34313,2007,-0.2424012834877283,0.017730189184258387,-0.9151972380527837,-0.30676220331392745
Greece,34313,2009,-0.2385560380810228,0.02481173463610872,-1.3841553228711412,-0.4060324825986079
Greece,34313,2012,-0.11659664959590296,0.03798734199198533,-0.31015492830383984,-0.10065645514223195
Greece,34313,2015,-0.2938542739055139,0.028867633415576202,-0.9555114450274358,-0.3410230692076229
Greece,34315,2019,-0.23927907864385312,0.060558676047886444,-1.0986122886681096,-0.39156626506024095
Greece,34340,2015,-0.21296030827869336,0.02441578703386157,-0.5435230123327806,-0.1677762982689747
Greece,34410,2015,-0.07092274659984886,0.014129909033567986,-0.2892813051610865,-0.08687002652519894
Greece,34511,2004,-0.25711784559501893,0.012449950636153975,-1.0830453491592023,-0.33071854408534673
Greece,34511,2007,-0.2784434209960605,0.03140697626248118,-0.9406917851058347,-0.3141025641025641
Greece,34511,2009,-0.26428146557583526,0.03411921766284888,-1.3694872428035092,-0.4386503067484663
Greece,34511,2012,0.005773857391128938,0.07544316839098215,0.2309055566496987,0.11363636363636363
Greece,34511,2015,0.03396606666821009,0.023059248409702717,0.19278708883361606,0.04900459418070444
Greece,34511,2019,-0.03181270933386663,0.06040385378649046,-0.3741681013862497,-0.16071428571428573
Greece,34710,2007,-0.0730587438011113,0.020904633021853407,-0.10849074650453527,-0.039640987284966345
Greece,34710,2012,-0.120751707316173,0.03009554390105609,-0.06439005405987341,-0.0218408736349454
Greece,34711,2019,-0.06297119342968108,0.016568218486243323,-0.07121149173312702,-0.02997502081598668
Greece,34720,2012,0.29897673762319216,0.03704344175725793,0.7916797047207424,0.27419354838709675
Greece,34720,2015,0.051390131937498355,0.0466844757391667,0.5057494707341306,0.1511627906976744
Greece,34720,2019,0.0030376207572702743,0.041379236214589284,0.33742734653145057,0.136986301369863
Greece,34730,2012,0.036929997355457544,0.029674333098767925,-0.2219005430746126,-0.06451612903225806
Greece,34730,2015,0.2108922343985695,0.18826508668445177,1.7676619176489945,0.6538461538461539
Iceland,15111,2003,-0.3669476040365065,0.05749817529114616,-1.170071252650255,-0.43478260869565216
Iceland,15111,2007,-0.3562708809040487,0.10697844410077934,-1.1999647829283968,-0.42028985507246375
Iceland,15111,2009,-0.2336833045518558,0.07968417209648636,-0.14571181118139398,-0.056338028169014086
Iceland,15111,2013,-0.42712022513068015,0.07945665108311897,-1.8340618489187444,-0.6635514018691588
Iceland,15111,2016,-0.4060057795000935,0.03857581000775629,-2.0813627718577297,-0.6129032258064516
Iceland,15111,2017,-0.37922035477265337,0.04833570095097186,-1.6841853389419152,-0.5464684014869888
Iceland,15111,2021,-0.5503321134356635,0.062293438669813225,-2.6060510331470885,-0.6699029126213593
Iceland,15328,2003,-0.24775679869076836,0.0551919175961086,-0.8273967060699086,-0.27053140096618356
Iceland,15328,2007,-0.37086186409255284,0.07469723378258623,-1.5856272637403817,-0.4782608695652174
Iceland,15328,2009,-0.24428954939183314,0.06618954797713368,-0.9433716904768263,-0.33613445378151263
Iceland,15328,2013,-0.31157984405528827,0.0737348317382762,-0.8277373345327099,-0.3220338983050847
Iceland,15328,2016,-0.3721392426948318,0.030095453408267796,-2.198869314549098,-0.6597560975609756
Iceland,15328,2017,-0.46349916076158276,0.07771653525285087,-3.1060803307228566,-0.6037735849056604
Iceland,15328,2021,-0.5135584454278854,0.04534614482006148,-2.0680128458562135,-0.6627906976744186
Iceland,15420,2003,-0.042396869479776604,0.09359435250645895,0.2984929885559966,0.08888888888888889
Iceland,15420,2007,-0.07570416286604546,0.05023295652051762,-0.14609261849749577,-0.043209876543209874
Iceland,15430,2009,-0.05954478651825491,0.058762716754466135,0.42285685082003344,0.08064516129032258
Iceland,15440,2013,-0.13204827236786515,0.04511706042137484,-0.3209077200801014,-0.10714285714285714
Iceland,15440,2016,-0.30503410331319114,0.0533264501961688,-1.4531573063490169,-0.4502923976608187
Iceland,15440,2017,-0.267142110278479,0.03574790169051541,-1.3441567766714861,-0.39037433155080214
Iceland,15450,2016,-0.372061786656488,0.03517191440405056,-1.2724357340940733,-0.4190064794816415
Iceland,15450,2017,-0.372061786656488,0.03517191440405056,-1.2724357340940733,-0.4190064794816415
Iceland,15450,2021,-0.668473384862106,0.030433706778412947,-2.8073051591975515,-0.8605769230769231
Iceland,15620,2003,0.030234262964407368,0.06629172084324962,0.27149674803076307,0.11038961038961038
Iceland,15620,2007,-0.19161248731320307,0.06720599029628234,-0.20067069546215066,-0.08280254777070063
Iceland,15620,2009,0.11904805356663509,0.055600215489216905,1.3350010667323398,0.43209876543209874
Iceland,15620,2013,0.04607840276952691,0.07336032557345716,0.21588838043303804,0.08403361344537816
Iceland,15620,2016,-0.19581261294758104,0.04507972238651469,-0.33533328433408194,-0.12077294685990338
Iceland,15620,2017,-0.1588927158182902,0.03898407529889036,-0.5399687905516259,-0.19246861924686193
Iceland,15620,2021,-0.09447164013679292,0.05501377016264099,-0.36680312107389934,-0.1423076923076923
Iceland,15630,2021,-0.33320849736198177,0.05134822276213356,-0.8347976976229718,-0.30201342281879195
Iceland,15810,2009,-0.046416103489862415,0.06807958683053066,-0.13062018241706452,-0.04054054054054054
Iceland,15810,2013,-0.31907415244495496,0.07334969666779338,-0.9529004774867156,-0.4017094017094017
Iceland,15810,2016,-0.22913064717360568,0.06284503797240999,-0.6558757857627135,-0.2375
Iceland,15810,2017,-0.39029641746094934,0.0690033997020239,-1.91959284073794,-0.5333333333333333
Iceland,15810,2021,-0.29065265718146405,0.04829108668459486,-1.0152306797290582,-0.35294117647058826
Iceland,15952,2013,-0.2556121844408476,0.05340883742249787,-1.624144059823796,-0.39285714285714285
Iceland,15952,2016,-0.28523808390466576,0.04111466604423167,-1.5260563034950496,-0.420863309352518
Iceland,15952,2017,-0.2718864947621316,0.042666066512815785,-1.5058972334932603,-0.42971887550200805
Iceland,15952,2021,-0.4456226072687032,0.022727856024765274,-2.512305623976115,-0.6725784447476125
Iceland,15953,2017,-0.22305778653390007,0.07625229146932921,-1.9832976811269338,-0.6266666666666667
Iceland,15953,2021,-0.5288427764187671,0.06683238237194543,-3.610917912644224,-0.8852459016393442
Ireland,53021,2011,-0.38550260444517825,0.05896515361899025,-2.009761621041846,-0.4329896907216495
Ireland,53110,2007,-0.3724146587699237,0.020908983459119176,-1.5440460531207432,-0.5050784856879039
Ireland,53110,2011,-0.2972876318586822,0.031235456583363075,-1.6539603688652011,-0.47186932849364793
Ireland,53110,2016,-0.4305837023447676,0.024187901927964908,-1.7761556647977867,-0.5978695073235686
Ireland,53110,2020,-0.45785042380363916,0.021105255719687945,-2.1822149146856544,-0.6089965397923875
Ireland,53230,2011,-0.2197901954516835,0.06329341166251161,-0.987386653557885,-0.22535211267605634
Ireland,53231,2016,-0.4609189718695151,0.034541028896515884,-3.2840720244247428,-0.7261904761904762
Ireland,53231,2020,-0.5138165603097882,0.01775699510590254,-3.411619077124569,-0.7749244712990937
Ireland,53240,2016,-0.4731025248252878,0.0363300896715425,-3.592735593561034,-0.7004405286343612
Ireland,53250,2016,-0.25934553393570875,0.056659867212041706,-1.8607523407150066,-0.44881889763779526
Ireland,53320,2007,-0.3362393725959416,0.01429146043114053,-1.5281210487164492,-0.4758281110116383
Ireland,53320,2011,-0.1896586573269505,0.01938210049251004,-0.7769381545166008,-0.25993031358885016
Ireland,53320,2016,-0.19269885498622602,0.021615463595859495,-1.051433728393019,-0.3778054862842893
Ireland,53320,2020,-0.4488069490453387,0.025429944773234292,-1.8293677491452138,-0.5842293906810035
Ireland,53321,2016,-0.2333709830175592,0.02383750955324346,-1.7591421643042242,-0.47023086269744835
Ireland,53321,2020,-0.37242100190357935,0.018391963065474658,-2.685450369184969,-0.7077546296296297
Ireland,53420,2007,-0.2583538494715903,0.014792751028487566,-0.8427964677448658,-0.2626020163226116
Ireland,53520,2007,-0.29071017652316367,0.013175160730985177,-0.9571232112673602,-0.2919847328244275
Ireland,53520,2011,-0.09059533436020563,0.020346017598990015,-0.25717739853833876,-0.08866666666666667
Ireland,53520,2016,-0.21530602629522913,0.017001248778627954,-0.799460920229488,-0.29278887923544744
Ireland,53520,2020,-0.30899328603021775,0.015976466663203192,-1.0461513593998815,-0.3699186991869919
Ireland,53620,2007,-0.272977366814139,0.013997554108959911,-0.9670796974286233,-0.3082160689968225
Ireland,53620,2011,-0.006414319178516845,0.023922326502943823,0.13047795513763205,0.03067484662576687
Ireland,53620,2016,-0.21615752639362357,0.017475739139035083,-1.0087981901676786,-0.3893985728848114
Ireland,53620,2020,-0.3471287987672778,0.01808142952207305,-1.1242923498713582,-0.4221014492753623
Ireland,53951,2007,-0.36441119908160663,0.016438781481358106,-0.929570447923874,-0.34946236559139787
Ireland,53951,2011,-0.16922536754482773,0.034466023152687604,-0.9200013112706911,-0.33278688524590166
Ireland,53951,2016,-0.39771062785839906,0.025586601054212912,-1.320069702042189,-0.440324449594438
Ireland,53951,2020,-0.4913678234821714,0.012839412983922266,-1.8930523171908682,-0.6223776223776224
Ireland,53952,2020,-0.2350794189234627,0.019252171489460422,-0.3728338141377563,-0.1621160409556314
Ireland,53981,2016,-0.04966067700855395,0.079605637171021,-0.1292117314800061,-0.0273972602739726
Italy,32021,2013,-0.3822109356908893,0.0365414418807273,-1.2614712963871524,-0.4492753623188406
Italy,32022,2018,-0.4604728771893099,0.031442813423224185,-2.4316252831750638,-0.6532066508313539
Italy,32031,2018,-0.42320401344660763,0.03935397987379409,-2.3385171022201092,-0.6713286713286714
Italy,32051,2018,-0.12564700086295488,0.05157856901700652,-0.8896770833560645,-0.31981981981981983
Italy,32055,2018,-0.14522543581961145,0.055510725507940846,0.016393809775676615,0.0056179775280898875
Italy,32061,2008,-0.10272182583745841,0.057271403459260385,0.3545450176809073,0.11904761904761904
Italy,32061,2013,-0.03901242906559834,0.0524113789612584,-0.10153641921942214,-0.03333333333333333
Italy,32090,2018,0.32114757504314184,0.165308395313175,3.295836866004329,0.7647058823529411
Italy,32212,2001,-0.31791226870385686,0.012156804591791607,-2.3461897292272393,-0.6460040983606558
Italy,32230,2013,-0.36523361652455705,0.024260192424402655,-1.626804484932399,-0.46901172529313234
Italy,32440,2008,-0.14055078723771308,0.04712347780180642,-0.6871048661039825,-0.20707070707070707
Italy,32440,2013,-0.2895221501874568,0.04222014044565217,-1.2463458341747349,-0.4068627450980392
Italy,32440,2018,-0.2569881888823532,0.021022662954861028,-1.5476366404481343,-0.41451990632318503
Italy,32450,2013,-0.06752836966761312,0.032493820564445136,0.3764775712349113,0.14285714285714285
Italy,32451,2018,-0.2065894156585496,0.0333102671558265,-1.1156702715726867,-0.3663594470046083
Italy,32460,2013,-0.14065708573176497,0.04019474295744304,-0.4101489574205903,-0.16071428571428573
Italy,32530,2013,-0.045874051865016384,0.029153414623976935,0.7803887336352959,0.2553699284009546
Italy,32610,2018,-0.0052690290414342065,0.07192071219523596,0.25857398829371014,0.09375
Italy,32629,2001,-0.07286599293265124,0.02663161737378946,0.4870149750722721,0.12841091492776885
Italy,32630,2013,-0.06148442779507507,0.02964698568188863,0.4145032587232267,0.14316702819956617
Italy,32630,2018,-0.09882629466717065,0.05788701992373152,-0.06851994643675585,-0.027472527472527472
Italy,32640,2013,-0.06192255893302469,0.033173617078982996,0.5584536727552445,0.17424242424242425
Italy,32720,2008,0.017789971675417137,0.03997109259506391,0.3560458152611714,0.14166666666666666
Italy,32720,2013,-0.03901218048036646,0.05241137754146355,-0.10153641921942214,-0.03333333333333333
Italy,32720,2018,-0.12025269027711613,0.021741040043947654,-0.10038511768445879,-0.03816793893129771
Italy,32901,2001,-0.06614694644622432,0.04769095113983887,-0.12921173148000653,-0.03773584905660377
Italy,32902,2001,-0.16681242722994025,0.01936613661436006,-0.7046116104506446,-0.21535745807590467
Italy,32902,2008,-0.07868907370549791,0.09518524658442924,-0.05884050002293373,-0.023255813953488372
Italy,32904,2013,-0.09171456670046167,0.031719863755779856,-0.19679472161745792,-0.0706605222734255
Italy,32906,2013,-0.046056606703334384,0.1770553790795957,0.6190392084062233,0.2727272727272727
Italy,32956,2013,-0.44006761931161925,0.036248530222206775,-2.768413350829301,-0.7225806451612903
Italy,32956,2018,-0.43761715213406077,0.007385581286073634,-1.5714863199292521,-0.436991557943208
Netherlands,22110,2006,-0.3852738330156074,0.01868237409012162,-1.8065650180790334,-0.5721784776902887
Netherlands,22110,2010,-0.31767796827578926,0.017879746238820618,-1.4446280311897697,-0.45472061657032753
Netherlands,22110,2012,-0.45318917012148996,0.016157306413703786,-2.030395768637061,-0.5882352941176471
Netherlands,22110,2017,-0.3864008379454359,0.021090104827256255,-2.072840857648484,-0.6407766990291263
Netherlands,22110,2021,-0.495801363032121,0.014710709831158509,-2.5977785666450357,-0.7302672467371037
Netherlands,22210,1946,-0.2503434543676641,0.05365903369242255,-1.5564453822935898,-0.464
Netherlands,22210,1948,-0.20301828591780374,0.05608614944154722,-1.5705980791178367,-0.5263157894736842
Netherlands,22210,1982,-0.36619471016672595,0.027052584407701405,-1.808141071599941,-0.6152173913043478
Netherlands,22220,1994,-0.21511386476293265,0.028681673191147776,-1.042145677000338,-0.4105263157894737
Netherlands,22220,2006,-0.23459601323607734,0.018347925620613784,-1.1256269184789343,-0.3757126567844926
Netherlands,22220,2010,-0.31787874241388636,0.021948427239826755,-0.9547282062954041,-0.3237113402061856
Netherlands,22220,2012,-0.3834683586384591,0.017959336007844186,-1.3476795249921114,-0.4595827900912647
Netherlands,22220,2017,-0.35395540625083877,0.027546057926922402,-1.2123488421281188,-0.4432748538011696
Netherlands,22220,2021,-0.38119987171435393,0.030835472227577602,-1.887470933146914,-0.6103896103896104
Netherlands,22230,1986,-0.34542520916781294,0.016837840869680546,-1.8947227476100972,-0.5517051705170517
Netherlands,22235,2021,-0.48007398778355526,0.017493814698868907,-2.150504341458391,-0.6256684491978609
Netherlands,22240,2021,-0.40994435383244393,0.018493629983540406,-2.796629474677629,-0.7601809954751131
Netherlands,22320,2006,-0.20311369171991647,0.01851545150381977,-0.7646230643001379,-0.25793650793650796
Netherlands,22320,2010,-0.30103374886874246,0.016675455750402145,-0.8126623637244474,-0.262782401902497
Netherlands,22320,2012,-0.23759294969504346,0.016522581979772424,-0.9090704839006678,-0.3358695652173913
Netherlands,22320,2017,-0.34488400100524835,0.014396176537005713,-1.2785836681171103,-0.4621004566210046
Netherlands,22320,2021,-0.3716087305489846,0.012026837204745382,-1.851650108905516,-0.6138643067846608
Netherlands,22321,2017,-0.2857676793746333,0.024477580494444505,-1.6463936189565294,-0.6116838487972509
Netherlands,22321,2021,-0.4484633158321988,0.018730029686979302,-2.0079572788551117,-0.677382319173364
Netherlands,22330,2006,-0.215115037801073,0.01760259213278721,-0.9780284324799347,-0.3196286472148541
Netherlands,22330,2010,-0.19464280716076532,0.014391086085647577,-0.9947585999551967,-0.29596412556053814
Netherlands,22330,2012,-0.22100754423001132,0.01542270985477798,-0.9195806247566907,-0.3084499740798341
Netherlands,22330,2017,-0.2561128115787982,0.010350462009336144,-1.410759773742332,-0.4806934594168637
Netherlands,22330,2021,-0.38212978314737533,0.011589998399125593,-1.5365815461221048,-0.5191416727627408
Netherlands,22420,2006,0.0030640481356735963,0.03030572541999407,0.010610179112015672,0.003683241252302026
Netherlands,22420,2010,0.0427417436945651,0.01951728067702469,0.21596771324413844,0.07752956636005257
Netherlands,22420,2012,-0.0022304265705801055,0.018131592826097335,0.3238493481181717,0.1140197789412449
Netherlands,22420,2017,-0.014135704802100751,0.014572227146981984,-0.13110298499881523,-0.05263157894736842
Netherlands,22420,2021,-0.17081094482152723,0.015022265419624835,-0.30004872808899297,-0.1226215644820296
Netherlands,22521,2006,-0.151902020816543,0.01705150415705611,-0.5164998713002067,-0.18157303370786518
Netherlands,22521,2010,-0.13573476033093926,0.018724014635872307,-0.4837136735632326,-0.15898498187467633
Netherlands,22521,2012,-0.08489668548220713,0.025759952027538977,-0.24125949896069265,-0.08389261744966443
Netherlands,22521,2017,-0.1773167826794197,0.01854773764735325,-0.36629095964488645,-0.13427561837455831
Netherlands,22521,2021,-0.09627341259331583,0.022779407708778163,-0.6487232355614738,-0.22841396203306796
Netherlands,22526,2006,-0.2147593464099512,0.01603868905827666,-0.7729602407413712,-0.29053049082796234
Netherlands,22526,2010,-0.08520098326032263,0.014991709709944654,-0.44465258541991126,-0.15835777126099707
Netherlands,22526,2012,-0.20681793819596467,0.015261015102962303,-0.489344168671872,-0.1844731977818854
Netherlands,22526,2017,-0.13275063959242317,0.016565671927160578,-0.6506757534510523,-0.25779467680608364
Netherlands,22526,2021,-0.2827292001168863,0.013675178638755968,-1.1862867473947256,-0.4377942165433759
Netherlands,22527,1982,0.13113204646372606,0.025692044248431887,0.27994295145882564,0.1193058568329718
Netherlands,22527,1989,-0.006848848329867575,0.026845430560677532,0.1722999983329352,0.06881143878462913
Netherlands,22527,1994,-0.08250612522581571,0.02284868314364069,0.19897001478013365,0.08116385911179173
Netherlands,22527,1998,-0.19669449567541877,0.027663601966528773,-0.480318014742104,-0.19015444015444016
Netherlands,22528,1981,-0.018016916681812586,0.02997584250277953,0.4821923827334684,0.20785219399538107
Netherlands,22528,1982,-0.018017065666680463,0.02997583840385129,0.4821923827334684,0.20785219399538107
Netherlands,22528,1989,-0.00023497503385805333,0.019477253650369203,-0.23203131957586098,-0.09409505520883342
Netherlands,22528,1994,-0.21429490040883925,0.01784601752818931,-0.12731947802135224,-0.05438510534051935
Netherlands,22528,1998,-0.1293531035789883,0.022481268116316285,0.13040958590165808,0.054289544235924934
Netherlands,22710,1982,-0.1786724164158149,0.042135482813689625,-0.42134991864818705,-0.15306122448979592
Netherlands,22711,1989,0.04867693995364444,0.0386288941679949,0.4002157522220209,0.16262975778546712
Netherlands,22711,1994,0.05574277630320897,0.043209002066806404,0.6057243655887863,0.23711340206185566
Netherlands,22722,2006,0.306465095897299,0.05557959698683636,1.4699085011610244,0.5255474452554745
Netherlands,22722,2010,0.18704520511033854,0.02772492683430232,0.6291362247208143,0.2448377581120944
Netherlands,22722,2012,0.19842018890231908,0.02252319597513747,1.09348407230119,0.418554476806904
Netherlands,22722,2017,0.24297678345688978,0.09190532875957408,1.1574527886910433,0.48
Netherlands,22722,2021,0.15191638468176416,0.03224058282094393,0.3098765318655161,0.12965722801788376
Netherlands,22730,2017,0.06411576562360013,0.02745078501111288,0.6690496289808845,0.17647058823529413
Netherlands,22730,2021,-0.015134708072071162,0.024107036763859807,0.40410363750984324,0.1615180935569285
Netherlands,22731,2021,-0.01504289273329391,0.017894496293012905,0.137038381908118,0.05120101137800253
Netherlands,22820,2021,-0.34003439079443804,0.02712364530759116,-1.2724231557941552,-0.47613065326633164
Netherlands,22951,2006,-0.5007624294731579,0.027282133033274418,-2.136230064633377,-0.7261219792865362
Netherlands,22951,2010,-0.5239091557210864,0.023684955310130776,-2.4187565247560876,-0.7821270310192023
Netherlands,22951,2012,-0.5728586601480227,0.015577072026111586,-2.523403362289084,-0.746431570109152
Netherlands,22951,2017,-0.4839425342953154,0.01611615493175436,-1.9053938192232778,-0.6640953716690042
Netherlands,22951,2021,-0.5319037194673953,0.015039494245750936,-2.816078634843932,-0.7953216374269005
Netherlands,22952,1946,0.2549474470886505,0.09046824719352992,1.1601701816675432,0.46
Netherlands,22952,1948,0.22987030223821817,0.08730965846276399,1.5441973905656994,0.6140350877192983
Netherlands,22952,1982,0.07401000039427628,0.03145929356815222,0.4298807056157372,0.17748344370860927
Netherlands,22952,1986,0.14117128719041383,0.026017217215199073,0.5318205289124007,0.2275025278058645
Netherlands,22952,1989,0.15726154361559044,0.020141678615440688,0.33540157270737225,0.14432989690721648
Netherlands,22952,1994,0.06101779130651928,0.030765448914433054,0.35506781378055763,0.15287958115183245
Netherlands,22952,1998,0.1466664835592541,0.0224975275433508,0.030507609023887383,0.012955465587044534
Netherlands,22952,2002,-0.21530297355777228,0.015792885195216478,-0.3116946442134969,-0.1271266540642722
Netherlands,22952,2006,0.15968493889924049,0.02443854190120692,0.2253715507505225,0.09349220898258478
Netherlands,22952,2010,0.10126532871383771,0.01816465254075752,0.1627951344435994,0.07007299270072993
Netherlands,22952,2012,0.08141341872942634,0.01934071004325626,0.2701922049054186,0.11479028697571744
Netherlands,22952,2017,0.08545562945104253,0.014212964683554197,0.2982787449244615,0.1319327731092437
Netherlands,22952,2021,0.13752311006204623,0.03682910938199981,0.4649284670736886,0.20430107526881722
Netherlands,22953,2012,-0.18351747230109242,0.047568665795819066,-0.8380385349744066,-0.2961165048543689
Netherlands,22953,2017,-0.13355907973347036,0.035094214622831243,-1.2928829622847928,-0.45656565656565656
Netherlands,22953,2021,-0.24962969767977328,0.044046206442872424,-0.9507419606284016,-0.33047210300429186
Netherlands,22954,1994,-0.08586648794328774,0.019779142544309288,-0.3271372796851617,-0.12659574468085105
Netherlands,22955,1994,-0.04530129391805087,0.057619228512085244,-0.26108848287833286,-0.11790393013100436
Norway,12110,2013,-0.3841105310453565,0.018662962298668033,-2.188929216619414,-0.6460606060606061
Norway,12110,2017,-0.2631021105538407,0.017059033975546894,-1.805455633235466,-0.5231143552311436
Norway,12221,2005,-0.40317886906564154,0.015001973381379147,-2.1115715162439797,-0.6271649954421149
Norway,12221,2009,-0.44012275760350517,0.011469674435234238,-2.1231684038927217,-0.6446017699115044
Norway,12221,2013,-0.4328832909705494,0.0102126775838557,-1.685894349043311,-0.5355266795687034
Norway,12221,2017,-0.4355887083189406,0.012523664732580594,-2.0580919928711667,-0.6159913947651487
Norway,12230,2017,-0.49329500974613966,0.013678585315135276,-2.1051065116186622,-0.625618199802176
Norway,12320,2005,-0.4203958561758044,0.017845876341631216,-1.6863989535702286,-0.5090144230769231
Norway,12320,2009,-0.3973280138449269,0.01695936429306622,-1.5135156290685172,-0.5176470588235295
Norway,12320,2013,-0.308380525268854,0.015649403923165547,-1.3177979978948908,-0.42028985507246375
Norway,12320,2017,-0.3448606023558908,0.014421334546210442,-1.374849811028695,-0.45323741007194246
Norway,12420,2005,-0.24278203325196876,0.013625686801250965,-1.441430197945416,-0.44585295182904744
Norway,12420,2009,-0.28177624300751153,0.01597054101001279,-1.2005841192804194,-0.4066350710900474
Norway,12420,2013,-0.25714857426923726,0.0141177814691461,-1.1746785115553182,-0.3937403400309119
Norway,12420,2017,-0.2600953541617544,0.009922678330736548,-1.4488371978413594,-0.44779771615008157
Norway,12520,2005,-0.41943025569819775,0.015076538955568443,-1.358697619377807,-0.5183183183183183
Norway,12520,2009,-0.31298106130918657,0.011964047213619166,-0.8389542071663101,-0.326758711374096
Norway,12520,2013,-0.2868000423303038,0.012569064740726677,-0.926618702729459,-0.33936022253129344
Norway,12520,2017,-0.25340936731748975,0.011273415530860365,-1.0839689519670195,-0.3896260554885404
Norway,12620,2005,-0.06852804811341995,0.018518541580273492,-0.08157599019785255,-0.03020961775585697
Norway,12620,2009,-0.22142602021940092,0.02042087815789254,-0.5383296117449836,-0.21181262729124237
Norway,12620,2013,-0.06405695187019016,0.02521889663633791,-0.6632025247639497,-0.22783882783882783
Norway,12620,2017,-0.2161557874896078,0.01707069636905423,-0.6487181222995257,-0.23789692868297763
Norway,12810,2005,-0.15200083708121684,0.013304507598917261,-0.8895588897651034,-0.30708035003977724
Norway,12810,2009,-0.27234337931426983,0.013540122514381888,-0.8851162067043994,-0.352734163508392
Norway,12810,2013,-0.14561971978854976,0.023224951225761386,-0.9700989509109927,-0.33060747663551404
Norway,12810,2017,-0.15037320731616044,0.01787802316703562,-0.828649301309131,-0.3181473044798785
Norway,12951,2005,0.02761051157895012,0.014057683973277824,0.2658367191116273,0.10083396512509477
Norway,12951,2009,-0.06371342931175404,0.01709203291162634,0.17172699036255867,0.05967180507210343
Norway,12951,2013,0.010621136323789162,0.01408854719872434,-0.20977280626371364,-0.07185391028185788
Norway,12951,2017,-0.04389110444196229,0.013188280968595673,0.29309431730672486,0.11285166240409207
Portugal,35060,2015,-0.11468112628745888,0.01799362467748366,-0.24830944902654117,-0.08425832492431887
Portugal,35110,2005,-0.5051765357842669,0.05180779652188519,-1.8486676014999346,-0.6644295302013423
Portugal,35110,2011,-0.43488976138464525,0.054760506333045605,-0.9193629309111251,-0.3858267716535433
Portugal,35110,2015,-0.3064355787684892,0.04703504969546012,-1.7567626271909589,-0.5451263537906137
Portugal,35110,2019,-0.563298948725622,0.03928446397895493,-2.810549484479004,-0.7772511848341233
Portugal,35120,2015,-0.557908913375515,0.011517389367258001,-2.6085894075715723,-0.7305841924398625
Portugal,35120,2019,-0.5427697454414513,0.013308312290427643,-2.328205623319394,-0.7027310924369747
Portugal,35130,2019,-0.4204398246176375,0.02127107578397147,-2.3411424562059215,-0.6485714285714286
Portugal,35211,1999,-0.24383285991668205,0.03044488773825474,-1.9370800696070414,-0.5026041666666666
Portugal,35211,2011,-0.3168587194175049,0.016346380169904296,-1.828194496573377,-0.6001734605377277
Portugal,35211,2015,-0.3397411992695071,0.02145071468986358,-1.3223006506740846,-0.4586739327883742
Portugal,35211,2019,-0.42642701413754586,0.013712750420106723,-2.4679600225428215,-0.6829776158250911
Portugal,35220,1999,-0.27239695483632864,0.011741631808603789,-1.706173609229646,-0.4808277541083384
Portugal,35220,2002,-0.2883597429537622,0.012390730311513224,-0.9612730742178588,-0.30758226037195996
Portugal,35220,2011,-0.16683093264225096,0.05020515886888136,-0.4343764516025841,-0.17
Portugal,35220,2015,-0.211969236845893,0.02050430002295075,-0.6540422349455755,-0.2267235252309879
Portugal,35220,2019,-0.2768974809188557,0.027220972177289773,-1.2026020021921573,-0.40669856459330145
Portugal,35311,2005,-0.16943796136845368,0.011066186517383288,-0.5483200145651317,-0.17230008244023085
Portugal,35311,2011,-0.02847396413829069,0.02990520818007663,-0.1971495650635724,-0.07478890229191798
Portugal,35311,2015,-0.15680447016156643,0.01639076712197484,-0.8067999761518321,-0.27793493635077793
Portugal,35311,2019,-0.31210840623231967,0.013436091390521763,-1.155417682417549,-0.36133389615871675
Portugal,35313,1999,-0.10620530244911958,0.03542508043926992,-0.5146922308066371,-0.18051948051948052
Portugal,35313,2011,0.02498892199593694,0.014415234609486263,0.4485191095397667,0.17118455254363163
Portugal,35313,2019,-0.2035563704259547,0.017263611321086874,-0.7730874554549034,-0.23973727422003285
Portugal,35410,2019,0.021221698956503495,0.012573253658165376,0.5414991490694252,0.1681096681096681
Portugal,35520,2011,-0.008457294757229067,0.021052857388103332,0.3853286281491908,0.15868544600938966
Portugal,35520,2019,-0.07236630640044775,0.017256314577136434,-0.004632318648279288,-0.0016501650165016502
Portugal,35720,2019,0.15429603037732198,0.01840426462505353,1.5710638995524846,0.48118811881188117
Spain,33020,2015,-0.4714717795031451,0.014348960366081718,-3.8984771274264602,-0.7262295081967213
Spain,33025,2016,-0.3981613180664697,0.0423297539473217,-2.6121684293989276,-0.6424418604651163
Spain,33091,2011,-0.2353259644830773,0.03359754973699662,-0.5600071007950431,-0.20417287630402384
Spain,33092,2011,-0.17195068196848629,0.10384379410802301,0.2682639865946794,0.10344827586206896
Spain,33093,2011,-0.40810322733989596,0.020491943079580757,-2.0308184758481644,-0.552185548617306
Spain,33095,2015,-0.1410308743182283,0.07488691325017066,-0.39334374757582014,-0.17543859649122806
Spain,33095,2016,-0.08522916336426302,0.06868460126950189,-0.6840146969966727,-0.23275862068965517
Spain,33095,2019,-0.38536466328013275,0.07333678136797817,-1.313172096290928,-0.5
Spain,33096,2015,-0.41311601191150793,0.01768519566503195,-2.4366313343346286,-0.6171909614532566
Spain,33096,2016,-0.4131160276519674,0.017685194926990916,-2.4366313343346286,-0.6171909614532566
Spain,33097,2015,-0.41602120822135924,0.03523628175963496,-2.3153241187714757,-0.6033898305084746
Spain,33097,2016,-0.4220197876088255,0.03552167034578952,-2.345251539312949,-0.6133333333333333
Spain,33098,2015,-0.4703807585723145,0.014771308598073225,-2.6676035115216195,-0.6398348813209495
Spain,33098,2016,-0.4742289750421495,0.01590358623801977,-2.6847170244203404,-0.6434029546612328
Spain,33099,2015,-0.17113658337099238,0.026090057169068905,-0.0213483758055375,-0.008320332813312533
Spain,33210,2015,-0.4336539902092579,0.01582538139883096,-2.6204028940434547,-0.5211670480549199
Spain,33210,2016,-0.43365397477832457,0.01582538332071713,-2.6204028940434547,-0.5211670480549199
Spain,33210,2019,-0.4490558384000584,0.014347389316900576,-2.79174267352687,-0.6919335224969598
Spain,33220,2000,-0.258043473746835,0.00826590405217201,-1.5651162771093077,-0.43831938082451427
Spain,33220,2008,-0.22423885046313563,0.01358246382670498,-1.4652606424246892,-0.34626576139670223
Spain,33220,2011,-0.4880941575035659,0.01649150342831212,-2.584606010011088,-0.5835380835380836
Spain,33220,2019,-0.5819203797991955,0.006265980880666289,-2.9872595361345677,-0.7247744052502051
Spain,33230,2019,-0.5091214747223541,0.022895665151218627,-2.9706961953926663,-0.717206132879046
Spain,33320,2000,-0.31669658012105295,0.0205233238566171,-1.216301555277587,-0.3704581358609795
Spain,33320,2008,-0.3086017819911012,0.011428756858476724,-1.4437618780481793,-0.43114430046123436
Spain,33320,2011,-0.30180353617395067,0.014946090482772102,-1.6465886600376747,-0.4693975903614458
Spain,33320,2015,-0.3290251387970806,0.01127195035020189,-1.6692191462987536,-0.45227936222771165
Spain,33320,2016,-0.21935265335903917,0.011649450790955567,-1.6297529077355684,-0.44256474519632416
Spain,33320,2019,-0.4241416029137259,0.01639200541196756,-2.2401568976643134,-0.5859318346627991
Spain,33420,2015,-0.262106387030085,0.010756057702125201,-1.2560501778601774,-0.33438922985547415
Spain,33420,2016,-0.33508769502683,0.024101518092933295,-1.7052795830827199,-0.463855421686747
Spain,33420,2019,-0.3047699897330326,0.022495601418112857,-1.144847579772061,-0.3622881355932203
Spain,33440,2011,-0.20326163913199585,0.026968768079549166,-1.4786140087070825,-0.3682539682539683
Spain,33610,1996,-0.13613486200520375,0.013647094236531083,-0.33931004686444943,-0.09828741623231571
Spain,33610,2000,-0.2206489978853644,0.014738558755389757,-0.37889262903764465,-0.11237897648686031
Spain,33610,2008,-0.2224734049447228,0.01293752209551265,-0.7909598097171857,-0.24876360039564788
Spain,33610,2011,-0.1782133585543172,0.015552537277004265,-0.45341573915157696,-0.13322884012539185
Spain,33610,2015,-0.17225026272139085,0.018664372425036883,-0.570146991031792,-0.1766933108960875
Spain,33610,2016,-0.1720602419439871,0.018659095295665288,-0.570146991031792,-0.1766933108960875
Spain,33610,2019,-0.1036491786865779,0.02000605721238828,-0.4950239405746695,-0.1793103448275862
Spain,33611,2000,0.028736310975967228,0.01644436151790416,-0.1447428188575124,-0.05279149259399924
Spain,33611,2008,-0.09871034941002965,0.04726545359187292,-0.22029589870169808,-0.0804953560371517
Spain,33611,2011,-0.09782416581902036,0.025337529848713077,-0.2016944989813192,-0.07341147439851943
Spain,33612,2011,-0.284906477998726,0.017618622698972936,-1.2564192796984779,-0.32642487046632124
Spain,33710,2019,-0.04762261802237362,0.03671685789424845,0.5837380763761182,0.23903508771929824
Spain,33902,2000,-0.07100943273460504,0.015565293077600668,-0.568530336444983,-0.19197292069632496
Spain,33902,2008,-0.17576885943250561,0.022980379965181787,-0.11193782244558825,-0.038419319429198684
Spain,33902,2011,-0.1536642124118263,0.04616233200067131,-0.31015492830383984,-0.09819121447028424
Spain,33902,2015,-0.049169522421595356,0.040279751084188915,-0.34282482548058724,-0.12415349887133183
Spain,33902,2016,-0.04879677068306884,0.04027702641170129,-0.34282482548058724,-0.12415349887133183
Spain,33902,2019,-0.22955207042798748,0.025936643675141376,-0.9672950599563768,-0.3527777777777778
Spain,33903,2008,-0.27130302598042205,0.03313513210367265,-0.9989965569671755,-0.3001555209953344
Spain,33905,2008,-0.21497026027073393,0.019324995967064662,-0.7560144586202142,-0.27582534611288606
Spain,33905,2011,-0.27987655961173635,0.018794155454828623,-0.9879577907483217,-0.32387045181927226
Spain,33905,2015,0.15328131484017396,0.03334445158668043,-0.3129506666266657,-0.11647254575707154
Spain,33905,2016,-0.02667140671862596,0.03442662092146502,-0.4322969209236698,-0.1554959785522788
Spain,33905,2019,-0.270459169657005,0.013331482582510365,-1.2863145026666016,-0.40361283364788353
Spain,33906,2004,-0.2275151631381674,0.012342444342648985,-1.0653361623940487,-0.30275229357798167
Spain,33907,1996,-0.28543604736256084,0.01998463066217095,-0.7663881467956593,-0.2586009174311927
Spain,33907,2000,-0.0020629024841876055,0.02902146516471414,-0.39744464951024483,-0.14414414414414414
Spain,33907,2004,-0.18874371077562516,0.02195627644954616,-0.31620867361740235,-0.10888888888888888
Spain,33907,2008,-0.11471598471978495,0.022918843786772974,-0.28059909782608194,-0.09159663865546218
Spain,33907,2011,-0.06613018101129742,0.03330855503492553,-0.2882172611185556,-0.10143042912873862
Spain,33907,2015,-0.202041709330786,0.02834937525578735,-0.5433194572424371,-0.18641390205371247
Spain,33907,2016,-0.1041107970993803,0.0320319552235327,-0.5957174923400874,-0.18882175226586104
Spain,33907,2019,-0.20352201285134727,0.024169388824607112,-0.6463101825941635,-0.23968393327480245
Spain,33908,2000,-0.13415318916281055,0.023495292571023074,-0.9005891574374276,-0.35626283367556466
Spain,33908,2004,-0.09842020275083102,0.016967151918707724,-0.18060459143786467,-0.06967670011148272
Spain,33908,2008,-0.10298861222350757,0.02440115304112861,-0.3083696120519086,-0.11911764705882352
Spain,33908,2011,-0.3040799363353458,0.03269690096980338,-0.7712934340333844,-0.2543103448275862
Spain,33908,2019,-0.1700765638269092,0.03991611345535924,-0.7691330875378668,-0.298372513562387
Spain,33909,2004,-0.20265684850062693,0.027314205582303984,-1.0074896865866778,-0.3465909090909091
Spain,33909,2008,-0.300190314861109,0.02898323006907189,-1.2611892884890619,-0.4134396355353075
Spain,33910,2004,0.035635127760340564,0.037459158802432495,0.5733459807473249,0.13636363636363635
Spain,33911,2016,-0.15913290004438668,0.0247598623191343,-0.017666074578333024,-0.00684931506849315
Spain,33912,2019,-0.23808356311638992,0.01492422359473061,-0.3001548449692564,-0.1140247495580436
Spain,33913,2019,0.05006918311604144,0.07441723389033265,1.0021520224805474,0.23148148148148148
Spain,33914,2019,-0.46821118335646517,0.01924267290186109,-2.153369382337079,-0.6299475441106342
Spain,33915,2019,-0.12867750536155653,0.07637611854708244,-1.0238110755854115,-0.29464285714285715
Spain,33916,2019,-0.05974643455058532,0.0895055971430105,-0.5663954749208013,-0.14545454545454545
Sweden,11110,2006,-0.4018425288729639,0.05271108025313587,-1.7143728056126348,-0.5404040404040404
Sweden,11110,2010,-0.28011549154591814,0.0579422627124397,-1.6345175968311239,-0.4961832061068702
Sweden,11110,2014,-0.43310721856728635,0.03830837508623531,-2.122059674985619,-0.6579476861167002
Sweden,11110,2018,-0.5101180182196003,0.02804356567809666,-2.635853909897721,-0.7294117647058823
Sweden,11110,2022,-0.4977674132789407,0.039415685113648895,-1.8426795596553123,-0.6379928315412187
Sweden,11220,2006,-0.40971460806701515,0.03321342311388112,-1.8544580634436185,-0.5886889460154242
Sweden,11220,2010,-0.41466018144473865,0.03937863915489731,-1.7365930879193465,-0.5433070866141733
Sweden,11220,2014,-0.5186199747530716,0.031865299297919786,-2.826057678460804,-0.7277777777777777
Sweden,11220,2018,-0.4705856860906643,0.022032334330604215,-3.790533107840436,-0.8246951219512195
Sweden,11220,2022,-0.5227543262121725,0.02716428836288647,-2.7685913818071604,-0.7484008528784648
Sweden,11320,2006,-0.42038157143651916,0.0363651163070762,-1.404134279248221,-0.48854961832061067
Sweden,11320,2010,-0.3657206452023294,0.04798509069052993,-1.4258251998765261,-0.5212765957446809
Sweden,11320,2014,-0.4883073019594363,0.03264600269762944,-2.388646651960709,-0.722735674676525
Sweden,11320,2018,-0.309484642290514,0.05575267925344371,-0.8270440034827056,-0.3548387096774194
Sweden,11320,2022,-0.38281230598998567,0.04880076551219014,-0.7808127937521716,-0.3210227272727273
Sweden,11420,2006,-0.17387414939594417,0.03415994356959093,-0.158224005214894,-0.06446280991735537
Sweden,11420,2010,-0.31644175468699226,0.029420942419929725,-0.9437322674038091,-0.32641921397379914
Sweden,11420,2014,-0.26062347730586416,0.0417140500863602,-0.9880024171241395,-0.36926605504587157
Sweden,11420,2018,-0.13919510858566886,0.033588347286757886,-0.570780485235904,-0.23202614379084968
Sweden,11420,2022,-0.21014454739618682,0.043389714073311075,-0.1959977897627585,-0.08775981524249422
Sweden,11520,2006,-0.09574544795180615,0.07786167961139391,-0.5577092096648415,-0.22580645161290322
Sweden,11520,2010,-0.16189946439168712,0.04107685140609541,-0.6429730804694103,-0.22129436325678498
Sweden,11520,2014,-0.2085778587657018,0.042521225127797276,-0.7091475219063863,-0.2879177377892031
Sweden,11520,2018,-0.1391303058117046,0.09792702883717005,-0.3305637999350468,-0.16101694915254236
Sweden,11520,2022,0.19960799075517,0.09057826481980184,-0.33647223662121295,-0.1574074074074074
Sweden,11620,2006,-0.18404986168427762,0.0300615689837511,-0.6781613093321406,-0.24708624708624707
Sweden,11620,2010,-0.2856830540026337,0.01988877123281063,-0.9304570988561371,-0.31223628691983124
Sweden,11620,2014,-0.3324083060654194,0.01761839613380398,-1.2548378971936955,-0.4749082007343941
Sweden,11620,2018,-0.24012887805952068,0.027385850652723365,-0.10174252156714303,-0.042786069651741296
Sweden,11620,2022,0.13020155482314738,0.0365868219601995,0.00601505572976091,0.0026954177897574125
Sweden,11710,2010,0.01408241131423932,0.06916758197047025,0.2861471527336974,0.1323529411764706
Sweden,11710,2014,-0.17474381622471197,0.05654043444182691,-0.36126689523442934,-0.16507936507936508
Sweden,11710,2018,-0.2370457593618542,0.044026375172122295,-0.43655569517819526,-0.18181818181818182
Sweden,11710,2022,0.08536346943423298,0.024805003372599558,-0.06917650935359543,-0.0293896006028636
Sweden,11810,2006,-0.29543807937651373,0.043705970503751426,-0.8204506103510161,-0.3057324840764331
Sweden,11810,2010,-0.3173210955802311,0.027839086771404172,-1.2065150246891152,-0.42424242424242425
Sweden,11810,2014,-0.22041904066513365,0.04684170917902772,-0.9325512527459354,-0.37105263157894736
Sweden,11810,2018,-0.243685245456694,0.04064769727502468,-0.5483383945741158,-0.2326086956521739
Sweden,11810,2022,-0.19604002073898705,0.037675681422598487,-0.430090155413553,-0.16898954703832753
Switzerland,43020,2019,-0.5528683649627802,0.02667000545806543,-2.521464245521798,-0.7842565597667639
Switzerland,43110,1999,-0.4282748462518687,0.037440201416944825,-2.220590126292431,-0.6632302405498282
Switzerland,43110,2003,-0.4367728324757272,0.05879622464708106,-3.977810745966149,-0.81875
Switzerland,43110,2007,-0.5156566015088262,0.01982710778641813,-2.79123902037419,-0.7800982800982801
Switzerland,43110,2011,-0.5674543352538256,0.02564355040950975,-2.5279080857811875,-0.7620192307692307
Switzerland,43110,2015,-0.48298960552051656,0.027414161896880285,-3.0222993009387134,-0.7514792899408284
Switzerland,43110,2019,-0.49699526737231964,0.02504426726591475,-3.962315799482113,-0.8566433566433567
Switzerland,43120,2007,-0.21865693439383793,0.08046042970112076,-1.4087672169719494,-0.49514563106796117
Switzerland,43120,2011,-0.3144251270384369,0.06389864619624762,-1.761906506078374,-0.5774647887323944
Switzerland,43120,2015,-0.22607101435606178,0.05147853464386634,-1.281602965594089,-0.48
Switzerland,43120,2019,-0.28407062025221647,0.06087106416193403,-0.8586616190375183,-0.3541666666666667
Switzerland,43220,2003,-0.341749959450179,0.05044199091741762,-2.4261990489612217,-0.56
Switzerland,43220,2007,-0.17249069088908164,0.03695403520552076,-1.0986122886681096,-0.1559633027522936
Switzerland,43220,2015,-0.2958778642807829,0.034472507364578256,-1.4005599382787128,-0.37677053824362605
Switzerland,43220,2019,-0.37588006698081755,0.026813302931977288,-2.312215986055007,-0.6266666666666667
Switzerland,43320,1999,-0.38793897654397985,0.02671566373498592,-2.31483847979981,-0.6542239685658153
Switzerland,43320,2003,-0.3676532030338839,0.026465830004201482,-2.159203468781543,-0.691699604743083
Switzerland,43320,2007,-0.4590184323264211,0.020261958492712583,-1.558300782644353,-0.552930883639545
Switzerland,43320,2011,-0.4906470016992119,0.07052614069662777,-2.631089159966082,-0.8169014084507042
Switzerland,43320,2015,-0.46408770145880507,0.045228446593663874,-4.290459441148391,-0.8307692307692308
Switzerland,43320,2019,-0.4024590913358247,0.05510074329275153,-2.982002080742089,-0.8442622950819673
Switzerland,43420,1999,0.0417573407119056,0.04248793713404619,0.679971759401381,0.248
Switzerland,43420,2007,0.06499049821062587,0.05863452536685996,0.6148153372900382,0.2440944881889764
Switzerland,43420,2011,-0.07826586682414119,0.05049019508171986,0.6722695955383902,0.27884615384615385
Switzerland,43420,2015,0.10933819508155514,0.07303912405941898,0.8131064956389245,0.2882882882882883
Switzerland,43420,2019,-0.10833430035193944,0.021082751785416205,-0.03454574952525569,-0.012755102040816327
Switzerland,43520,2007,-0.2661178024903354,0.06209036380831415,-1.1330984647392786,-0.48
Switzerland,43520,2011,0.028513505747915193,0.07101723222111933,-0.20909179785855958,-0.10135135135135136
Switzerland,43520,2015,-0.049790820341002656,0.0557816090657343,-0.3395899320537987,-0.13309352517985612
Switzerland,43520,2019,-0.29990306308282516,0.03672690527091882,-1.0311167970466624,-0.41214057507987223
Switzerland,43530,1999,0.016109640711629007,0.08612326842579504,0.33647223662121295,0.12
Switzerland,43530,2003,-0.09854948685937365,0.04423219496475051,-0.7182531016910216,-0.2366412213740458
Switzerland,43530,2007,-0.4665899281794934,0.05212997922436958,-1.5324768712979724,-0.550561797752809
Switzerland,43530,2011,-0.2550858251634054,0.1367578346102414,-0.7884573603642702,-0.36
Switzerland,43530,2015,-0.2865931031677966,0.031255629218685674,-1.1679040691395013,-0.44504504504504505
Switzerland,43530,2019,-0.4732745532237459,0.06426851554120429,-1.5639755383573428,-0.6589147286821705
Switzerland,43531,2003,0.27262725512264296,0.05670611772981996,1.4284947156102672,0.5227272727272727
Switzerland,43540,2007,-0.35520716823007475,0.053818363153939106,-1.5648208469452936,-0.5942857142857143
Switzerland,43540,2011,-0.438641944572354,0.03141745843973452,-2.2701498172408914,-0.7338129496402878
Switzerland,43711,2003,0.11346401052287547,0.06835360593009102,1.1139972075075897,0.4489795918367347
Switzerland,43711,2007,0.3145349758366744,0.11103120916911399,1.6094379124341005,0.65
Switzerland,43711,2019,0.10771478559500484,0.03526798635852578,0.661659295113612,0.2701863354037267
Switzerland,43810,1999,0.0527886660146404,0.02600768826789656,0.5355709136814202,0.1867881548974943
Switzerland,43810,2003,0.2328088956590308,0.017739505088090142,1.3793079878319103,0.42972181551976574
Switzerland,43810,2007,0.2269769916778721,0.020127120971031583,1.533805062344035,0.5367924528301887
Switzerland,43810,2011,0.3291846659831759,0.03519715162048223,4.04305126783455,0.7
Switzerland,43810,2015,0.23270634189751255,0.01912213589508294,1.3107093479921321,0.45146726862302483
Switzerland,43810,2019,0.20593906242361046,0.018646607582274523,1.1596911779860228,0.42997198879551823
Switzerland,43811,2011,0.09915307599722463,0.09029219210425869,0.14310084364067333,0.06493506493506493
Switzerland,43811,2015,-0.16951565742087754,0.04798863057232143,-0.7203803310183039,-0.2613981762917933
Switzerland,43811,2019,-0.17564995911137962,0.022841705130846445,-0.892203364061154,-0.3542094455852156
Switzerland,43901,2007,0.00238229349289261,0.04905022699804021,0.6039160468320022,0.23394495412844038
Switzerland,43901,2019,0.11126874176491248,0.0904901550372725,1.181993897607161,0.5
Switzerland,43902,2011,-0.05933765213315686,0.13307016342973702,-0.23638877806423064,-0.10526315789473684
Switzerland,43902,2015,0.08433748755071845,0.10473530607127589,1.8245492920510458,0.6190476190476191
United Kingdom,51110,2015,-0.5132429374939748,0.011733528844359686,-2.7130585588165825,-0.7532467532467533
United Kingdom,51110,2017,-0.46999769098170224,0.04450236463424022,-2.6296968868556947,-0.7081339712918661
United Kingdom,51110,2019,-0.5177778207280832,0.016965005389577695,-2.1940897785308477,-0.7086811352253757
United Kingdom,51210,2015,-0.10381013058162669,0.03618551082131706,-0.7442656344889684,-0.29044117647058826
United Kingdom,51210,2017,-0.35431594971244823,0.048040978731322154,-1.5664205273504095,-0.5595854922279793
United Kingdom,51210,2019,-0.1018227550777903,0.03306008737188958,-2.170732961889243,-0.5196850393700787
United Kingdom,51320,2001,-0.17079303942116392,0.023696989990882995,-0.3597783762545994,-0.13520749665327977
United Kingdom,51320,2015,-0.1583711827986153,0.02826023392673542,-0.6599751565474774,-0.2626362735381566
United Kingdom,51320,2017,-0.36881937021169625,0.023880763169888887,-1.3204477953223037,-0.4743975903614458
United Kingdom,51320,2019,-0.45855674394056034,0.01860331060735869,-2.315054553636168,-0.7050528789659224
United Kingdom,51340,2015,-0.2979708574258325,0.03405509281501596,-1.5085119938441398,-0.5405405405405406
United Kingdom,51340,2019,-0.4622581319778757,0.03237498689371898,-1.731416339320587,-0.589041095890411
United Kingdom,51421,1997,-0.2392115897789685,0.028677735871068068,-0.7454542806818223,-0.2755344418052256
United Kingdom,51421,2015,-0.2880164018857746,0.01817771086893506,-1.3508744158886294,-0.46635367762128327
United Kingdom,51421,2017,-0.3781919921830601,0.025126927132513983,-1.2348771681882926,-0.44297082228116713
United Kingdom,51421,2019,-0.44140571536504614,0.019002560315335124,-1.9002681772769234,-0.645535105657805
United Kingdom,51430,2019,-0.36817606154983146,0.029526381913003677,-1.5523475003622238,-0.5176848874598071
United Kingdom,51620,2015,-0.13649512686763893,0.02256430010029253,-0.11822988315477012,-0.0491183879093199
United Kingdom,51620,2017,-0.18300327390338117,0.025853320241103303,-0.37674400699216726,-0.13502673796791445
United Kingdom,51620,2019,-0.10966984733590204,0.025158826321148645,-0.2295178997469387,-0.09566639411283728
United Kingdom,51621,2015,-0.24592573786179095,0.04287257183292235,-0.46362741210645897,-0.20863309352517986
United Kingdom,51901,2015,-0.3464848000300215,0.025566157293137274,-1.6035090413118223,-0.5193298969072165
United Kingdom,51901,2017,-0.3417187505992479,0.044920976865985104,-0.6182735115847402,-0.25595238095238093
United Kingdom,51901,2019,-0.32445430241544027,0.026496488457428455,-1.4643173761099026,-0.5331230283911672
United Kingdom,51902,1997,-0.11600677687144044,0.029566494467954424,-0.22173741093721944,-0.0848
United Kingdom,51902,2001,-0.21618769739088087,0.0281470685421141,-0.5724625884637273,-0.22095959595959597
United Kingdom,51902,2015,-0.13095775776438606,0.02755324100466251,-0.805625163986635,-0.3352017937219731
United Kingdom,51902,2017,-0.2843558655957687,0.03045413879721013,-1.1798752527468759,-0.45165394402035625
United Kingdom,51902,2019,-0.3384205273562095,0.026597493380966182,-1.7014423041039262,-0.6339869281045751
United Kingdom,51903,2015,0.09443176964906833,0.04410605835992893,0.49872260159474724,0.18777292576419213
United Kingdom,51903,2017,0.08987008739248477,0.02711780493724411,0.5157517421020472,0.18937644341801385
United Kingdom,51903,2019,-0.21080493040797857,0.034742393116512636,-0.23972009549998674,-0.09936575052854123
United Kingdom,51951,2015,-0.08769686729216236,0.01988568553766431,0.06522278571147133,0.02967359050445104
United Kingdom,51951,2017,-0.06878453731135437,0.026504691552483018,-0.11461127542997751,-0.04537037037037037
