country_party_election,d2v_d1,d2v_d2,country,party,election
Sweden_11110_2006,4.226402,6.4873695,2006,11110,2006
Sweden_11220_2006,4.7256866,7.2207727,2006,11220,2006
Sweden_11320_2006,4.703549,7.198864,2006,11320,2006
Sweden_11420_2006,3.4132307,5.458708,2006,11420,2006
Sweden_11520_2006,6.046362,9.134751,2006,11520,2006
Sweden_11620_2006,3.0190158,4.4389024,2006,11620,2006
Sweden_11810_2006,3.1377003,4.4971046,2006,11810,2006
Sweden_11110_2010,3.249209,5.5781755,2010,11110,2010
Sweden_11220_2010,4.316444,6.641151,2010,11220,2010
Sweden_11320_2010,5.7305217,8.685952,2010,11320,2010
Sweden_11420_2010,2.8829687,4.4184456,2010,11420,2010
Sweden_11520_2010,4.0627675,6.0884614,2010,11520,2010
Sweden_11620_2010,2.308079,3.7719557,2010,11620,2010
Sweden_11710_2010,4.9476748,7.50183,2010,11710,2010
Sweden_11810_2010,1.6981366,2.8941505,2010,11810,2010
Sweden_11110_2014,1.6937897,3.3419561,2014,11110,2014
Sweden_11220_2014,3.185334,4.996398,2014,11220,2014
Sweden_11320_2014,3.4033582,5.4080067,2014,11320,2014
Sweden_11420_2014,3.0282233,4.8600807,2014,11420,2014
Sweden_11520_2014,2.5638053,3.920546,2014,11520,2014
Sweden_11620_2014,0.6569569,1.185152,2014,11620,2014
Sweden_11710_2014,3.678208,5.648591,2014,11710,2014
Sweden_11810_2014,-0.018858623,1.2043917,2014,11810,2014
Sweden_11110_2018,0.091146134,1.0255519,2018,11110,2018
Sweden_11220_2018,1.6935272,2.7621908,2018,11220,2018
Sweden_11320_2018,4.010938,6.128708,2018,11320,2018
Sweden_11420_2018,2.21898,3.5268784,2018,11420,2018
Sweden_11620_2018,1.1521027,2.443111,2018,11620,2018
Sweden_11710_2018,3.9716868,5.9224224,2018,11710,2018
Sweden_11810_2018,3.1859245,4.5916324,2018,11810,2018
Sweden_11110_2022,2.4564376,4.0584364,2022,11110,2022
Sweden_11220_2022,1.8840394,3.4262118,2022,11220,2022
Sweden_11320_2022,2.7538583,4.561593,2022,11320,2022
Sweden_11420_2022,2.984241,4.446777,2022,11420,2022
Sweden_11520_2022,6.948565,10.599639,2022,11520,2022
Sweden_11620_2022,1.6969253,3.3123758,2022,11620,2022
Sweden_11710_2022,1.1399921,2.327111,2022,11710,2022
Sweden_11810_2022,1.1193616,2.438117,2022,11810,2022
Norway_12221_2005,-6.570004,0.17216305,2005,12221,2005
Norway_12320_2005,-1.5738075,4.4490013,2005,12320,2005
Norway_12420_2005,-9.920363,-2.8646448,2005,12420,2005
Norway_12520_2005,-5.8394732,1.5015814,2005,12520,2005
Norway_12620_2005,-0.68697023,4.119838,2005,12620,2005
Norway_12810_2005,-7.5790954,-4.8481607,2005,12810,2005
Norway_12951_2005,-2.9751053,1.885485,2005,12951,2005
Norway_12221_2009,-11.479126,-3.8357031,2009,12221,2009
Norway_12320_2009,-7.0222855,1.4489602,2009,12320,2009
Norway_12420_2009,-7.7899666,-0.2255515,2009,12420,2009
Norway_12520_2009,-4.5353866,-1.1177332,2009,12520,2009
Norway_12620_2009,-4.9163065,0.5277837,2009,12620,2009
Norway_12810_2009,-15.991169,-9.665563,2009,12810,2009
Norway_12951_2009,-2.3212318,3.641297,2009,12951,2009
Norway_12110_2013,-10.476653,-11.074283,2013,12110,2013
Norway_12221_2013,-12.639183,-4.68524,2013,12221,2013
Norway_12320_2013,-8.47364,0.18399355,2013,12320,2013
Norway_12420_2013,-6.9884744,-3.8205416,2013,12420,2013
Norway_12520_2013,-9.884145,-4.4226303,2013,12520,2013
Norway_12620_2013,-3.4249742,2.9845932,2013,12620,2013
Norway_12810_2013,-5.5857863,1.4368545,2013,12810,2013
Norway_12951_2013,-3.2826934,3.0966818,2013,12951,2013
Norway_12110_2017,-11.928979,-6.564965,2017,12110,2017
Norway_12221_2017,-6.537346,-2.7774556,2017,12221,2017
Norway_12230_2017,-5.002047,-0.27108115,2017,12230,2017
Norway_12320_2017,-10.222914,-2.0315108,2017,12320,2017
Norway_12420_2017,-11.909942,-4.2282825,2017,12420,2017
Norway_12520_2017,-7.097182,-3.7808743,2017,12520,2017
Norway_12620_2017,-7.0853953,-0.25484392,2017,12620,2017
Norway_12810_2017,-7.4221964,-0.35667145,2017,12810,2017
Norway_12951_2017,-3.6322663,2.8055022,2017,12951,2017
Denmark_13229_1998,4.905359,7.8432636,1998,13229,1998
Denmark_13230_1998,1.4111878,4.40961,1998,13230,1998
Denmark_13320_1998,3.919312,6.516838,1998,13320,1998
Denmark_13330_1998,3.2035837,6.1346745,1998,13330,1998
Denmark_13410_1998,4.033426,6.864226,1998,13410,1998
Denmark_13520_1998,6.934247,10.437297,1998,13520,1998
Denmark_13620_1998,2.7941995,5.0537324,1998,13620,1998
Denmark_13720_1998,7.0284142,10.732377,1998,13720,1998
Denmark_13951_1998,7.02674,10.655992,1998,13951,1998
Denmark_13320_2001,0.7080003,3.8292534,2001,13320,2001
Denmark_13229_2005,3.2897887,5.9432845,2005,13229,2005
Denmark_13230_2005,1.3747017,4.6026835,2005,13230,2005
Denmark_13320_2005,3.4863486,6.3410535,2005,13320,2005
Denmark_13330_2005,5.5798306,8.711357,2005,13330,2005
Denmark_13410_2005,5.2870164,8.514853,2005,13410,2005
Denmark_13420_2005,2.5712776,4.870933,2005,13420,2005
Denmark_13520_2005,6.331592,9.876779,2005,13520,2005
Denmark_13620_2005,5.7128577,8.970928,2005,13620,2005
Denmark_13720_2005,6.5937386,9.981583,2005,13720,2005
Denmark_13001_2007,6.1923075,9.691368,2007,13001,2007
Denmark_13229_2007,2.2535074,5.3954277,2007,13229,2007
Denmark_13230_2007,5.422393,8.265373,2007,13230,2007
Denmark_13320_2007,2.6594255,5.728817,2007,13320,2007
Denmark_13410_2007,6.239239,9.684823,2007,13410,2007
Denmark_13420_2007,6.6220527,9.94954,2007,13420,2007
Denmark_13620_2007,5.6286497,8.84905,2007,13620,2007
Denmark_13720_2007,6.2283983,9.507478,2007,13720,2007
Denmark_13001_2011,6.4239593,9.874456,2011,13001,2011
Denmark_13229_2011,3.2522867,5.6435366,2011,13229,2011
Denmark_13230_2011,2.869477,5.352838,2011,13230,2011
Denmark_13320_2011,5.188316,8.452623,2011,13320,2011
Denmark_13410_2011,5.2858,8.413773,2011,13410,2011
Denmark_13420_2011,5.018222,8.071845,2011,13420,2011
Denmark_13620_2011,7.4065795,11.083092,2011,13620,2011
Denmark_13720_2011,5.6648784,8.699573,2011,13720,2011
Denmark_13001_2015,6.8188257,10.273511,2015,13001,2015
Denmark_13110_2015,2.342359,4.7449956,2015,13110,2015
Denmark_13229_2015,5.3166165,8.133549,2015,13229,2015
Denmark_13230_2015,2.522339,4.628965,2015,13230,2015
Denmark_13320_2015,3.3773894,6.296068,2015,13320,2015
Denmark_13410_2015,6.3558874,9.717912,2015,13410,2015
Denmark_13420_2015,5.0790386,7.797979,2015,13420,2015
Denmark_13001_2019,3.9836094,6.5402064,2019,13001,2019
Denmark_13110_2019,-2.4182777,-4.103245,2019,13110,2019
Denmark_13229_2019,1.523178,3.9294574,2019,13229,2019
Denmark_13230_2019,-0.731033,1.6357363,2019,13230,2019
Denmark_13320_2019,-4.585907,-5.2459936,2019,13320,2019
Denmark_13410_2019,-0.59567636,3.0101154,2019,13410,2019
Denmark_13420_2019,4.5277424,7.418897,2019,13420,2019
Denmark_13620_2019,1.0655828,2.855452,2019,13620,2019
Denmark_13720_2019,4.963206,7.7731657,2019,13720,2019
Denmark_13730_2019,2.8683252,4.874681,2019,13730,2019
Finland_14110_2007,0.702582,0.20707236,2007,14110,2007
Finland_14223_2007,1.4651773,2.0110152,2007,14223,2007
Finland_14320_2007,2.644527,3.9562414,2007,14320,2007
Finland_14520_2007,1.6500579,2.4743042,2007,14520,2007
Finland_14620_2007,4.071248,6.1490564,2007,14620,2007
Finland_14810_2007,-0.1600723,-0.9498211,2007,14810,2007
Finland_14820_2007,1.0635772,1.074449,2007,14820,2007
Finland_14901_2007,5.2567325,7.8067203,2007,14901,2007
Finland_14110_2011,-1.2230736,-2.430961,2011,14110,2011
Finland_14223_2011,4.80442,7.359545,2011,14223,2011
Finland_14320_2011,-1.144664,-1.8964972,2011,14320,2011
Finland_14520_2011,0.55888927,0.6686568,2011,14520,2011
Finland_14620_2011,1.0183597,1.7013634,2011,14620,2011
Finland_14810_2011,-0.9762785,-1.8473483,2011,14810,2011
Finland_14820_2011,2.1865044,3.036651,2011,14820,2011
Finland_14901_2011,5.3580413,8.086546,2011,14901,2011
Finland_14110_2015,0.30051756,-0.05174618,2015,14110,2015
Finland_14223_2015,0.3895922,0.4741169,2015,14223,2015
Finland_14320_2015,3.9985588,5.982362,2015,14320,2015
Finland_14520_2015,2.405962,3.020511,2015,14520,2015
Finland_14620_2015,1.437228,2.08568,2015,14620,2015
Finland_14810_2015,3.073817,4.9517007,2015,14810,2015
Finland_14820_2015,3.8840766,6.016608,2015,14820,2015
Finland_14901_2015,1.7687929,2.8953187,2015,14901,2015
Finland_14110_2019,-0.055281486,-0.24894515,2019,14110,2019
Finland_14223_2019,1.0714405,1.1696187,2019,14223,2019
Finland_14320_2019,-7.3492017,-13.35478,2019,14320,2019
Finland_14440_2019,2.7539947,4.252694,2019,14440,2019
Finland_14520_2019,1.4236493,1.9646318,2019,14520,2019
Finland_14620_2019,2.0212786,2.8852909,2019,14620,2019
Finland_14810_2019,1.003872,1.3223901,2019,14810,2019
Finland_14820_2019,-2.9358106,-5.4852314,2019,14820,2019
Finland_14901_2019,3.450002,4.11577,2019,14901,2019
Iceland_15111_2003,1.9913853,1.7199459,2003,15111,2003
Iceland_15328_2003,3.206984,4.029119,2003,15328,2003
Iceland_15420_2003,5.6187115,8.295589,2003,15420,2003
Iceland_15620_2003,2.4171293,2.319981,2003,15620,2003
Iceland_15111_2007,4.2336164,6.1169844,2007,15111,2007
Iceland_15328_2007,5.3645215,8.017241,2007,15328,2007
Iceland_15420_2007,3.2024584,4.2560444,2007,15420,2007
Iceland_15620_2007,2.525678,2.2091138,2007,15620,2007
Iceland_15111_2009,4.651721,6.6716905,2009,15111,2009
Iceland_15328_2009,1.5649431,0.73957247,2009,15328,2009
Iceland_15620_2009,5.107551,7.5061526,2009,15620,2009
Iceland_15810_2009,4.633058,6.8425503,2009,15810,2009
Iceland_15111_2013,3.883308,5.653725,2013,15111,2013
Iceland_15328_2013,3.5681286,5.104706,2013,15328,2013
Iceland_15440_2013,4.117312,5.893351,2013,15440,2013
Iceland_15620_2013,4.728992,7.108569,2013,15620,2013
Iceland_15810_2013,5.6929812,8.5133505,2013,15810,2013
Iceland_15952_2013,5.350985,8.00676,2013,15952,2013
Iceland_15111_2016,2.7175386,2.6821337,2016,15111,2016
Iceland_15328_2016,1.0040549,-0.17778492,2016,15328,2016
Iceland_15440_2016,4.241755,6.1565475,2016,15440,2016
Iceland_15450_2016,4.1580877,5.75031,2016,15450,2016
Iceland_15620_2016,3.5791306,5.026283,2016,15620,2016
Iceland_15810_2016,6.6458054,10.054377,2016,15810,2016
Iceland_15952_2016,4.940945,7.1529093,2016,15952,2016
Iceland_15111_2017,3.7512267,4.939205,2017,15111,2017
Iceland_15328_2017,6.967986,10.494036,2017,15328,2017
Iceland_15440_2017,3.806374,4.9598703,2017,15440,2017
Iceland_15450_2017,4.1364913,5.564569,2017,15450,2017
Iceland_15620_2017,4.14893,6.051392,2017,15620,2017
Iceland_15810_2017,7.0981593,10.577031,2017,15810,2017
Iceland_15952_2017,5.136504,7.4910636,2017,15952,2017
Iceland_15953_2017,6.8800564,10.339902,2017,15953,2017
Iceland_15111_2021,2.8764014,3.5939305,2021,15111,2021
Iceland_15328_2021,2.8723216,3.8528397,2021,15328,2021
Iceland_15450_2021,1.6410934,-0.11821196,2021,15450,2021
Iceland_15620_2021,1.9999228,1.2100149,2021,15620,2021
Iceland_15630_2021,2.304914,2.7200518,2021,15630,2021
Iceland_15810_2021,2.0696502,2.6048481,2021,15810,2021
Iceland_15952_2021,1.0730276,-2.1983328,2021,15952,2021
Iceland_15953_2021,3.3230176,4.571638,2021,15953,2021
Belgium_21111_2007,-22.220512,-15.474983,2007,21111,2007
Belgium_21112_2007,9.05506,-30.38047,2007,21112,2007
Belgium_21221_2007,8.908609,3.1493301,2007,21221,2007
Belgium_21321_2007,7.9696765,4.3146286,2007,21321,2007
Belgium_21322_2007,-15.373161,-7.664683,2007,21322,2007
Belgium_21330_2007,9.744825,-7.1829314,2007,21330,2007
Belgium_21421_2007,9.30075,-4.883382,2007,21421,2007
Belgium_21426_2007,-16.099213,-10.610073,2007,21426,2007
Belgium_21430_2007,11.07206,-16.792341,2007,21430,2007
Belgium_21521_2007,11.1234255,-18.94248,2007,21521,2007
Belgium_21522_2007,-13.675889,-6.718221,2007,21522,2007
Belgium_21916_2007,9.723788,-8.372402,2007,21916,2007
Belgium_21917_2007,9.5113325,-3.9817078,2007,21917,2007
Belgium_21111_2010,-15.239524,-7.767915,2010,21111,2010
Belgium_21112_2010,10.098479,-24.478207,2010,21112,2010
Belgium_21321_2010,10.001869,-8.171722,2010,21321,2010
Belgium_21322_2010,-7.6884594,-0.04289403,2010,21322,2010
Belgium_21421_2010,9.704153,-6.8867493,2010,21421,2010
Belgium_21426_2010,-11.804168,-4.3647456,2010,21426,2010
Belgium_21521_2010,10.392656,-12.474352,2010,21521,2010
Belgium_21522_2010,-16.438608,-9.071519,2010,21522,2010
Belgium_21916_2010,9.088525,-1.9590675,2010,21916,2010
Belgium_21917_2010,8.804951,-1.8738942,2010,21917,2010
Belgium_21112_2014,7.2665854,-35.08978,2014,21112,2014
Belgium_21230_2014,10.66266,-20.911152,2014,21230,2014
Belgium_21321_2014,11.958231,-29.390915,2014,21321,2014
Belgium_21322_2014,-31.79629,-21.094883,2014,21322,2014
Belgium_21421_2014,9.5372305,-5.101045,2014,21421,2014
Belgium_21426_2014,-27.679148,-20.42513,2014,21426,2014
Belgium_21521_2014,11.247534,-28.09883,2014,21521,2014
Belgium_21522_2014,-29.46706,-19.757141,2014,21522,2014
Belgium_21710_2014,-1.5290507,4.626714,2014,21710,2014
Belgium_21912_2014,-10.993536,-1.1819704,2014,21912,2014
Belgium_21916_2014,10.9855995,-16.487556,2014,21916,2014
Belgium_21917_2014,7.8214226,4.490297,2014,21917,2014
Belgium_21111_2019,-20.680847,-12.012834,2019,21111,2019
Belgium_21112_2019,11.091165,-26.990307,2019,21112,2019
Belgium_21230_2019,11.510836,-32.45901,2019,21230,2019
Belgium_21321_2019,10.947223,-29.774157,2019,21321,2019
Belgium_21322_2019,-30.113865,-19.632406,2019,21322,2019
Belgium_21421_2019,11.167075,-21.493135,2019,21421,2019
Belgium_21426_2019,-30.127092,-20.419453,2019,21426,2019
Belgium_21521_2019,11.358413,-30.251871,2019,21521,2019
Belgium_21522_2019,-4.1073256,3.6420581,2019,21522,2019
Belgium_21912_2019,-20.580038,-8.721082,2019,21912,2019
Belgium_21916_2019,11.339908,-23.122757,2019,21916,2019
Belgium_21917_2019,10.541161,-13.203386,2019,21917,2019
Netherlands_22210_1946,7.2929416,10.32718,1946,22210,1946
Netherlands_22952_1948,7.1860194,10.733557,1948,22952,1948
Netherlands_22528_1981,4.7120876,5.4438124,1981,22528,1981
Netherlands_22210_1982,8.666426,-0.5939735,1982,22210,1982
Netherlands_22527_1982,9.683747,-5.148619,1982,22527,1982
Netherlands_22528_1982,4.599143,5.2663455,1982,22528,1982
Netherlands_22710_1982,9.611038,-6.51971,1982,22710,1982
Netherlands_22952_1982,9.349435,-2.6659832,1982,22952,1982
Netherlands_22230_1986,11.171027,-15.870638,1986,22230,1986
Netherlands_22952_1986,10.341835,-8.925489,1986,22952,1986
Netherlands_22527_1989,10.759793,-10.952323,1989,22527,1989
Netherlands_22528_1989,11.8190975,-22.789331,1989,22528,1989
Netherlands_22711_1989,6.5350275,7.172172,1989,22711,1989
Netherlands_22952_1989,11.905234,-19.91291,1989,22952,1989
Netherlands_22220_1994,9.314744,-3.8586273,1994,22220,1994
Netherlands_22527_1994,11.349319,-15.705259,1994,22527,1994
Netherlands_22528_1994,11.891675,-25.763464,1994,22528,1994
Netherlands_22711_1994,6.6646066,6.2009997,1994,22711,1994
Netherlands_22952_1994,10.306898,-8.458528,1994,22952,1994
Netherlands_22954_1994,10.916798,-11.679548,1994,22954,1994
Netherlands_22955_1994,7.720665,4.9098883,1994,22955,1994
Netherlands_22527_1998,11.269798,-14.343176,1998,22527,1998
Netherlands_22528_1998,11.239563,-14.760842,1998,22528,1998
Netherlands_22952_1998,11.354223,-13.911195,1998,22952,1998
Netherlands_22952_2002,12.136512,-21.056154,2002,22952,2002
Netherlands_22110_2006,10.693106,-11.091995,2006,22110,2006
Netherlands_22220_2006,10.496492,-9.155417,2006,22220,2006
Netherlands_22320_2006,10.746536,-10.110276,2006,22320,2006
Netherlands_22330_2006,11.137477,-12.7613735,2006,22330,2006
Netherlands_22420_2006,8.510914,1.4843549,2006,22420,2006
Netherlands_22521_2006,11.477109,-15.256197,2006,22521,2006
Netherlands_22526_2006,11.904385,-19.119202,2006,22526,2006
Netherlands_22722_2006,6.950832,9.411319,2006,22722,2006
Netherlands_22951_2006,10.429071,-26.257431,2006,22951,2006
Netherlands_22952_2006,9.783856,-5.918775,2006,22952,2006
Netherlands_22110_2010,10.887702,-12.125822,2010,22110,2010
Netherlands_22220_2010,9.361562,-2.1474833,2010,22220,2010
Netherlands_22320_2010,10.638078,-9.116645,2010,22320,2010
Netherlands_22330_2010,12.835968,-24.328478,2010,22330,2010
Netherlands_22420_2010,9.847588,-5.0517545,2010,22420,2010
Netherlands_22521_2010,11.889865,-18.244198,2010,22521,2010
Netherlands_22526_2010,12.179279,-20.893902,2010,22526,2010
Netherlands_22722_2010,8.124697,4.967957,2010,22722,2010
Netherlands_22951_2010,9.105452,-27.194717,2010,22951,2010
Netherlands_22952_2010,9.632833,-5.704723,2010,22952,2010
Netherlands_22110_2012,11.774216,-17.132654,2012,22110,2012
Netherlands_22220_2012,11.289217,-13.460557,2012,22220,2012
Netherlands_22320_2012,11.770198,-16.182365,2012,22320,2012
Netherlands_22330_2012,11.520779,-14.139928,2012,22330,2012
Netherlands_22420_2012,9.1387005,-1.1560017,2012,22420,2012
Netherlands_22521_2012,10.02277,-6.359363,2012,22521,2012
Netherlands_22526_2012,11.852736,-18.791197,2012,22526,2012
Netherlands_22722_2012,7.66165,5.014011,2012,22722,2012
Netherlands_22951_2012,10.800967,-21.609688,2012,22951,2012
Netherlands_22952_2012,9.015529,-2.470777,2012,22952,2012
Netherlands_22953_2012,7.0919304,9.239204,2012,22953,2012
Netherlands_22110_2017,11.085119,-12.411569,2017,22110,2017
Netherlands_22220_2017,11.053697,-11.9859915,2017,22220,2017
Netherlands_22320_2017,12.577975,-20.755363,2017,22320,2017
Netherlands_22321_2017,9.993888,-5.90902,2017,22321,2017
Netherlands_22330_2017,13.576178,-26.762241,2017,22330,2017
Netherlands_22420_2017,12.206055,-18.22567,2017,22420,2017
Netherlands_22521_2017,9.960458,-5.9858694,2017,22521,2017
Netherlands_22526_2017,11.614386,-17.402657,2017,22526,2017
Netherlands_22730_2017,7.551758,4.383973,2017,22730,2017
Netherlands_22951_2017,10.471438,-17.060194,2017,22951,2017
Netherlands_22952_2017,11.685913,-17.196768,2017,22952,2017
Netherlands_22953_2017,8.1720705,3.858992,2017,22953,2017
Netherlands_22110_2021,12.45239,-20.627571,2021,22110,2021
Netherlands_22220_2021,9.248725,-1.8829154,2021,22220,2021
Netherlands_22235_2021,10.921978,-11.480465,2021,22235,2021
Netherlands_22240_2021,10.790264,-11.443851,2021,22240,2021
Netherlands_22320_2021,11.624918,-15.998167,2021,22320,2021
Netherlands_22321_2021,8.802404,0.16778484,2021,22321,2021
Netherlands_22330_2021,12.932353,-25.187458,2021,22330,2021
Netherlands_22420_2021,12.24226,-19.485723,2021,22420,2021
Netherlands_22521_2021,11.220597,-13.13417,2021,22521,2021
Netherlands_22526_2021,12.927767,-26.29156,2021,22526,2021
Netherlands_22722_2021,7.7135487,4.6033487,2021,22722,2021
Netherlands_22730_2021,8.595014,-0.17120054,2021,22730,2021
Netherlands_22731_2021,10.658403,-10.869571,2021,22731,2021
Netherlands_22820_2021,10.102866,-8.443479,2021,22820,2021
Netherlands_22951_2021,9.536366,-28.553314,2021,22951,2021
Netherlands_22952_2021,8.289246,1.2309362,2021,22952,2021
Netherlands_22953_2021,7.8538957,6.915069,2021,22953,2021
France_31021_2012,-8.891885,0.78537136,2012,31021,2012
France_31110_2012,-21.287968,-7.2903404,2012,31110,2012
France_31230_2012,-6.8690777,2.2515209,2012,31230,2012
France_31320_2012,3.3324368,7.5730124,2012,31320,2012
France_31421_2012,-0.14275657,5.73121,2012,31421,2012
France_31624_2012,1.0302925,5.2592835,2012,31624,2012
France_31626_2012,-3.3761332,3.847631,2012,31626,2012
France_31630_2012,-8.027242,1.4319605,2012,31630,2012
France_31631_2012,0.57207453,5.6874337,2012,31631,2012
France_31720_2012,-0.56492597,5.420888,2012,31720,2012
France_31110_2017,-5.9569426,2.0092633,2017,31110,2017
France_31220_2017,6.8581157,10.854075,2017,31220,2017
France_31230_2017,-3.1310651,3.5700305,2017,31230,2017
France_31240_2017,-15.669263,-3.91618,2017,31240,2017
France_31320_2017,3.5326533,7.887252,2017,31320,2017
France_31425_2017,1.0154372,6.245671,2017,31425,2017
France_31430_2017,5.499108,8.522817,2017,31430,2017
France_31624_2017,-0.28756818,4.474408,2017,31624,2017
France_31626_2017,5.4817657,8.473399,2017,31626,2017
France_31720_2017,1.4944509,6.4084935,2017,31720,2017
Italy_32212_2001,-32.491116,-3.9774072,2001,32212,2001
Italy_32629_2001,-5.079954,7.4855366,2001,32629,2001
Italy_32901_2001,4.8811145,9.79586,2001,32901,2001
Italy_32902_2001,-29.248371,0.86303294,2001,32902,2001
Italy_32061_2008,2.789067,8.838582,2008,32061,2008
Italy_32440_2008,4.4789205,10.068705,2008,32440,2008
Italy_32720_2008,7.097062,11.013665,2008,32720,2008
Italy_32902_2008,5.741798,10.064936,2008,32902,2008
Italy_32021_2013,-11.055802,5.993963,2013,32021,2013
Italy_32061_2013,5.2861705,9.0097275,2013,32061,2013
Italy_32230_2013,-24.954193,2.518986,2013,32230,2013
Italy_32440_2013,1.5853714,8.2154665,2013,32440,2013
Italy_32450_2013,-13.903863,4.658746,2013,32450,2013
Italy_32460_2013,-5.0245953,7.120359,2013,32460,2013
Italy_32530_2013,4.6703596,9.624611,2013,32530,2013
Italy_32630_2013,-8.157071,6.2072773,2013,32630,2013
Italy_32640_2013,3.891194,8.846442,2013,32640,2013
Italy_32720_2013,5.4590964,9.121805,2013,32720,2013
Italy_32904_2013,3.8138902,-3.5638814,2013,32904,2013
Italy_32906_2013,7.1691074,11.038936,2013,32906,2013
Italy_32956_2013,-5.7428765,6.8740544,2013,32956,2013
Italy_32022_2018,-12.804171,5.4000955,2018,32022,2018
Italy_32031_2018,-8.433567,6.8672853,2018,32031,2018
Italy_32051_2018,-0.45522466,7.6493454,2018,32051,2018
Italy_32055_2018,4.901764,9.637574,2018,32055,2018
Italy_32440_2018,-15.607561,4.8529787,2018,32440,2018
Italy_32451_2018,-10.195565,5.964042,2018,32451,2018
Italy_32610_2018,6.1827083,10.048549,2018,32610,2018
Italy_32630_2018,2.5739741,8.779155,2018,32630,2018
Italy_32720_2018,-31.00444,0.14173141,2018,32720,2018
Italy_32956_2018,-36.112415,-17.3019,2018,32956,2018
Spain_33610_1996,-9.858257,6.2384534,1996,33610,1996
Spain_33907_1996,-18.770185,3.935489,1996,33907,1996
Spain_33220_2000,-37.200016,-12.263906,2000,33220,2000
Spain_33320_2000,-12.575193,5.656356,2000,33320,2000
Spain_33610_2000,-16.933193,4.423906,2000,33610,2000
Spain_33611_2000,-17.477365,4.5014567,2000,33611,2000
Spain_33902_2000,-32.825577,-2.989646,2000,33902,2000
Spain_33907_2000,-4.6905956,6.678014,2000,33907,2000
Spain_33908_2000,-8.080124,6.1319833,2000,33908,2000
Spain_33906_2004,-26.499338,1.7339859,2004,33906,2004
Spain_33907_2004,-8.994802,6.4119525,2004,33907,2004
Spain_33908_2004,-19.442877,3.3917427,2004,33908,2004
Spain_33909_2004,-7.6630983,5.9983177,2004,33909,2004
Spain_33910_2004,1.3562824,7.872485,2004,33910,2004
Spain_33220_2008,-21.003826,2.9972694,2008,33220,2008
Spain_33320_2008,-29.924976,-2.5612762,2008,33320,2008
Spain_33610_2008,-26.998417,1.0988979,2008,33610,2008
Spain_33611_2008,1.1669455,4.533674,2008,33611,2008
Spain_33902_2008,-23.358728,2.6580555,2008,33902,2008
Spain_33903_2008,-25.909014,1.8593402,2008,33903,2008
Spain_33905_2008,-10.916382,-1.2574083,2008,33905,2008
Spain_33907_2008,-24.496458,1.9403547,2008,33907,2008
Spain_33908_2008,-9.916774,5.622675,2008,33908,2008
Spain_33909_2008,-24.970112,1.9225302,2008,33909,2008
Spain_33091_2011,-17.421375,4.475698,2011,33091,2011
Spain_33092_2011,6.0190525,10.148751,2011,33092,2011
Spain_33093_2011,-30.176907,0.41407502,2011,33093,2011
Spain_33220_2011,-18.277033,3.7779176,2011,33220,2011
Spain_33320_2011,-29.101599,0.006706499,2011,33320,2011
Spain_33440_2011,-8.653336,6.723222,2011,33440,2011
Spain_33610_2011,-18.293692,4.011252,2011,33610,2011
Spain_33611_2011,-11.647198,-1.6310978,2011,33611,2011
Spain_33612_2011,-23.673824,2.6134605,2011,33612,2011
Spain_33902_2011,-1.1824737,6.459618,2011,33902,2011
Spain_33905_2011,-13.933305,-2.5085864,2011,33905,2011
Spain_33907_2011,-15.362644,4.696254,2011,33907,2011
Spain_33908_2011,-11.018972,4.6575947,2011,33908,2011
Spain_33020_2015,-20.540585,2.5607762,2015,33020,2015
Spain_33095_2015,4.940103,9.246043,2015,33095,2015
Spain_33096_2015,0.28059015,0.7020996,2015,33096,2015
Spain_33097_2015,4.4662433,7.4284735,2015,33097,2015
Spain_33098_2015,-1.7191427,-0.54850817,2015,33098,2015
Spain_33099_2015,-1.8103126,0.17814448,2015,33099,2015
Spain_33210_2015,-0.15546261,2.79637,2015,33210,2015
Spain_33320_2015,-4.264497,1.0801598,2015,33320,2015
Spain_33420_2015,-31.371672,-3.1807222,2015,33420,2015
Spain_33610_2015,-3.417648,4.0090103,2015,33610,2015
Spain_33902_2015,1.1226726,5.552451,2015,33902,2015
Spain_33905_2015,1.9470663,2.6730278,2015,33905,2015
Spain_33907_2015,-2.476224,3.8036377,2015,33907,2015
Spain_33025_2016,-8.060027,6.030277,2016,33025,2016
Spain_33095_2016,4.8966227,9.640271,2016,33095,2016
Spain_33096_2016,0.12779368,0.21372743,2016,33096,2016
Spain_33097_2016,4.274742,7.0994067,2016,33097,2016
Spain_33098_2016,-2.0342171,-1.1537775,2016,33098,2016
Spain_33210_2016,-0.32375133,2.3060968,2016,33210,2016
Spain_33320_2016,-5.7726965,0.4583621,2016,33320,2016
Spain_33420_2016,-6.8775964,6.3601265,2016,33420,2016
Spain_33610_2016,-2.8798382,4.1973114,2016,33610,2016
Spain_33902_2016,1.3954957,5.8331943,2016,33902,2016
Spain_33905_2016,0.5220765,3.2635794,2016,33905,2016
Spain_33907_2016,-0.7008276,3.8227797,2016,33907,2016
Spain_33911_2016,-1.6712819,0.84639335,2016,33911,2016
Spain_33210_2019,-17.913977,2.744972,2019,33210,2019
Spain_33220_2019,-5.135218,1.3461306,2019,33220,2019
Spain_33320_2019,-26.691166,0.708815,2019,33320,2019
Spain_33420_2019,-6.7164173,5.2369065,2019,33420,2019
Spain_33610_2019,-12.901741,4.733121,2019,33610,2019
Spain_33710_2019,6.196689,9.546687,2019,33710,2019
Spain_33902_2019,-3.5135348,3.4286385,2019,33902,2019
Spain_33905_2019,-4.071667,-2.4369867,2019,33905,2019
Spain_33907_2019,-13.75069,3.9947963,2019,33907,2019
Spain_33912_2019,-1.8631448,-3.1461759,2019,33912,2019
Spain_33913_2019,2.3031948,8.6348295,2019,33913,2019
Spain_33914_2019,-20.341516,-7.952539,2019,33914,2019
Spain_33095_2019,3.418313,9.427805,2019,33095,2019
Spain_33230_2019,-32.154865,-0.37869835,2019,33230,2019
Spain_33908_2019,-10.860724,4.5181613,2019,33908,2019
Spain_33915_2019,2.4154086,5.675498,2019,33915,2019
Spain_33916_2019,-0.09881336,8.049915,2019,33916,2019
Greece_34211_1996,4.171701,4.945689,1996,34211,1996
Greece_34020_2004,5.268038,7.2826853,2004,34020,2004
Greece_34210_2004,7.4529476,11.175529,2004,34210,2004
Greece_34313_2004,-2.1317747,-15.757477,2004,34313,2004
Greece_34511_2004,0.7066112,-11.327946,2004,34511,2004
Greece_34020_2007,7.104074,10.656262,2007,34020,2007
Greece_34210_2007,7.130111,10.69296,2007,34210,2007
Greece_34313_2007,-0.4224041,-8.920427,2007,34313,2007
Greece_34511_2007,2.4269667,-2.739454,2007,34511,2007
Greece_34710_2007,0.81248116,-8.088279,2007,34710,2007
Greece_34020_2009,5.8900366,8.569307,2009,34020,2009
Greece_34313_2009,1.2511997,-7.495125,2009,34313,2009
Greece_34511_2009,1.3475431,-6.911453,2009,34511,2009
Greece_34020_2012,3.6933398,3.352421,2012,34020,2012
Greece_34213_2012,2.0102506,-1.5435194,2012,34213,2012
Greece_34313_2012,1.8053954,-1.9930345,2012,34313,2012
Greece_34710_2012,2.7560835,1.8584708,2012,34710,2012
Greece_34720_2012,6.7191277,10.096533,2012,34720,2012
Greece_34730_2012,7.2103734,10.873891,2012,34730,2012
Greece_34210_2012,6.9979606,10.450566,2012,34210,2012
Greece_34212_2012,0.7494543,-11.682804,2012,34212,2012
Greece_34212_2015,0.7966832,-9.591985,2015,34212,2015
Greece_34313_2015,1.5885712,-6.142662,2015,34313,2015
Greece_34340_2015,1.203712,-3.3695621,2015,34340,2015
Greece_34511_2015,1.994872,-1.3190111,2015,34511,2015
Greece_34720_2015,3.3073077,3.7630873,2015,34720,2015
Greece_34214_2015,6.554156,9.741516,2015,34214,2015
Greece_34410_2015,1.816286,-4.4836006,2015,34410,2015
Greece_34210_2019,6.72463,9.874691,2019,34210,2019
Greece_34212_2019,4.999748,6.7382903,2019,34212,2019
Greece_34215_2019,1.5275812,-6.932339,2019,34215,2019
Greece_34315_2019,3.7350924,3.9945917,2019,34315,2019
Greece_34511_2019,2.9075491,1.6048218,2019,34511,2019
Greece_34711_2019,-6.5658073,-23.79217,2019,34711,2019
Greece_34720_2019,3.8099597,3.8584795,2019,34720,2019
Portugal_35211_1999,1.2475374,8.781722,1999,35211,1999
Portugal_35220_1999,-12.8757,5.180201,1999,35220,1999
Portugal_35313_1999,-5.1858478,7.026742,1999,35313,1999
Portugal_35220_2002,-14.474792,4.9738603,2002,35220,2002
Portugal_35110_2005,-11.523997,5.8979278,2005,35110,2005
Portugal_35311_2005,-22.521606,3.319049,2005,35311,2005
Portugal_35110_2011,-7.7516627,6.027833,2011,35110,2011
Portugal_35211_2011,-11.958362,5.5153694,2011,35211,2011
Portugal_35220_2011,1.3850712,8.592199,2011,35220,2011
Portugal_35311_2011,-19.433275,4.095085,2011,35311,2011
Portugal_35313_2011,-27.756218,-0.63604194,2011,35313,2011
Portugal_35520_2011,-8.709859,6.8109097,2011,35520,2011
Portugal_35060_2015,-29.630457,-0.033449784,2015,35060,2015
Portugal_35110_2015,-13.604921,5.499005,2015,35110,2015
Portugal_35120_2015,-32.610188,-8.422249,2015,35120,2015
Portugal_35211_2015,-16.48058,4.53235,2015,35211,2015
Portugal_35220_2015,-13.098013,5.3324504,2015,35220,2015
Portugal_35311_2015,-32.389004,-0.87106884,2015,35311,2015
Portugal_35110_2019,-9.772808,6.4732957,2019,35110,2019
Portugal_35120_2019,-33.7048,-7.442546,2019,35120,2019
Portugal_35130_2019,-32.92302,-1.6592609,2019,35130,2019
Portugal_35211_2019,-26.77605,0.69718444,2019,35211,2019
Portugal_35220_2019,-11.060219,5.4126353,2019,35220,2019
Portugal_35311_2019,-40.53773,-3.8003879,2019,35311,2019
Portugal_35313_2019,-31.106415,-0.3427945,2019,35313,2019
Portugal_35410_2019,-26.1676,1.6757634,2019,35410,2019
Portugal_35520_2019,-31.785809,0.2528924,2019,35520,2019
Portugal_35720_2019,-6.83517,5.9585643,2019,35720,2019
Germany_41113_1998,0.7028039,-6.0506754,1998,41113,1998
Germany_41221_1998,2.8929071,-0.041656807,1998,41221,1998
Germany_41320_1998,3.8359303,2.1887763,1998,41320,1998
Germany_41420_1998,2.6976314,0.14790407,1998,41420,1998
Germany_41521_1998,4.207393,3.715134,1998,41521,1998
Germany_41113_2002,0.6767609,-3.111661,2002,41113,2002
Germany_41221_2002,4.0914664,5.224197,2002,41221,2002
Germany_41320_2002,4.2548203,4.7378335,2002,41320,2002
Germany_41420_2002,3.8941638,2.8387067,2002,41420,2002
Germany_41521_2002,3.609049,2.5502536,2002,41521,2002
Germany_41113_2005,1.7748019,-3.3340693,2005,41113,2005
Germany_41222_2005,4.2158036,4.464003,2005,41222,2005
Germany_41320_2005,3.516762,2.032761,2005,41320,2005
Germany_41420_2005,3.4422255,1.5398306,2005,41420,2005
Germany_41521_2005,4.112995,4.0042505,2005,41521,2005
Germany_41113_2009,0.08437855,-7.6026487,2009,41113,2009
Germany_41223_2009,3.0408504,1.3489338,2009,41223,2009
Germany_41320_2009,2.1324623,-0.2663869,2009,41320,2009
Germany_41420_2009,2.5925024,-0.3297554,2009,41420,2009
Germany_41521_2009,2.4640727,0.65817565,2009,41521,2009
Germany_41113_2013,-3.5997288,-12.443759,2013,41113,2013
Germany_41223_2013,1.0963238,-4.5993166,2013,41223,2013
Germany_41320_2013,1.3444581,-3.8271081,2013,41320,2013
Germany_41420_2013,2.371615,-1.6868374,2013,41420,2013
Germany_41521_2013,1.5597934,-1.8262035,2013,41521,2013
Germany_41952_2013,1.9576952,-1.4023811,2013,41952,2013
Germany_41953_2013,7.402311,11.048805,2013,41953,2013
Germany_41113_2017,-2.3551772,-12.026042,2017,41113,2017
Germany_41223_2017,1.1631907,-4.2663474,2017,41223,2017
Germany_41320_2017,1.5547765,-2.281812,2017,41320,2017
Germany_41420_2017,3.2395103,0.20242813,2017,41420,2017
Germany_41521_2017,2.153415,-0.8067728,2017,41521,2017
Germany_41953_2017,4.521975,5.101174,2017,41953,2017
Germany_41113_2021,-3.2478883,-12.5846,2021,41113,2021
Germany_41223_2021,-0.74712753,-7.903514,2021,41223,2021
Germany_41320_2021,2.1410775,-1.943047,2021,41320,2021
Germany_41420_2021,1.4735088,-2.8411613,2021,41420,2021
Germany_41521_2021,0.71001077,-5.3893213,2021,41521,2021
Germany_41912_2021,1.8758162,-4.1547523,2021,41912,2021
Germany_41953_2021,3.7699494,1.9227302,2021,41953,2021
Austria_42110_1999,3.3763313,1.508876,1999,42110,1999
Austria_42320_1999,4.4825125,4.8737926,1999,42320,1999
Austria_42420_1999,3.2693331,2.2275767,1999,42420,1999
Austria_42520_1999,3.8722386,3.7036908,1999,42520,1999
Austria_42110_2002,3.1738393,1.3097697,2002,42110,2002
Austria_42320_2002,4.182532,4.103339,2002,42320,2002
Austria_42420_2002,3.1128366,1.9814602,2002,42420,2002
Austria_42520_2002,2.5747213,0.676846,2002,42520,2002
Austria_42110_2006,3.5074885,3.0566208,2006,42110,2006
Austria_42320_2006,4.182175,4.867499,2006,42320,2006
Austria_42420_2006,3.5298548,3.3683589,2006,42420,2006
Austria_42520_2006,3.0567625,1.8422043,2006,42520,2006
Austria_42710_2006,5.0749803,6.996466,2006,42710,2006
Austria_42110_2008,4.6130347,4.3332257,2008,42110,2008
Austria_42320_2008,3.7448418,3.1114175,2008,42320,2008
Austria_42420_2008,5.768424,7.948741,2008,42420,2008
Austria_42520_2008,6.0559087,8.749569,2008,42520,2008
Austria_42710_2008,5.250998,7.3352094,2008,42710,2008
Austria_42110_2013,-0.38287553,-7.366334,2013,42110,2013
Austria_42320_2013,4.2255297,4.16838,2013,42320,2013
Austria_42430_2013,1.9172349,-4.703924,2013,42430,2013
Austria_42520_2013,3.2700806,0.64968437,2013,42520,2013
Austria_42951_2013,4.0110826,2.46365,2013,42951,2013
Austria_42110_2017,0.5710966,-6.2483263,2017,42110,2017
Austria_42120_2017,6.9924707,10.526408,2017,42120,2017
Austria_42320_2017,1.0564948,-5.214157,2017,42320,2017
Austria_42420_2017,3.4398994,2.9628887,2017,42420,2017
Austria_42430_2017,7.283483,10.802076,2017,42430,2017
Austria_42520_2017,0.8817117,-3.6349952,2017,42520,2017
Austria_42110_2019,-3.158399,-12.730825,2019,42110,2019
Austria_42320_2019,2.0086591,-2.7971144,2019,42320,2019
Austria_42420_2019,4.1714373,4.967799,2019,42420,2019
Austria_42430_2019,2.4486654,-2.3198423,2019,42430,2019
Austria_42520_2019,3.3365567,2.3563628,2019,42520,2019
Switzerland_43110_1999,3.3329825,1.6474433,1999,43110,1999
Switzerland_43320_1999,3.6754837,3.6819215,1999,43320,1999
Switzerland_43420_1999,6.419162,9.434513,1999,43420,1999
Switzerland_43530_1999,5.4857926,7.621201,1999,43530,1999
Switzerland_43810_1999,4.169673,4.652346,1999,43810,1999
Switzerland_43110_2003,3.7315304,3.0074131,2003,43110,2003
Switzerland_43220_2003,5.235124,6.9196773,2003,43220,2003
Switzerland_43320_2003,3.6669788,2.5226724,2003,43320,2003
Switzerland_43530_2003,5.8311186,8.531566,2003,43530,2003
Switzerland_43531_2003,5.962574,8.597456,2003,43531,2003
Switzerland_43711_2003,6.833724,10.266623,2003,43711,2003
Switzerland_43810_2003,6.077309,8.837867,2003,43810,2003
Switzerland_43110_2007,0.8194995,-4.531059,2007,43110,2007
Switzerland_43120_2007,4.0422077,3.2523503,2007,43120,2007
Switzerland_43220_2007,5.314724,7.550425,2007,43220,2007
Switzerland_43320_2007,1.9206798,-4.1013074,2007,43320,2007
Switzerland_43420_2007,6.359363,9.082462,2007,43420,2007
Switzerland_43520_2007,3.9782586,3.317751,2007,43520,2007
Switzerland_43530_2007,4.7046075,5.556341,2007,43530,2007
Switzerland_43540_2007,4.9532075,7.0137806,2007,43540,2007
Switzerland_43711_2007,6.171067,9.068426,2007,43711,2007
Switzerland_43810_2007,4.208558,2.8447475,2007,43810,2007
Switzerland_43110_2011,1.4239367,-4.7940774,2011,43110,2011
Switzerland_43120_2011,4.5743804,4.8649716,2011,43120,2011
Switzerland_43320_2011,6.395609,9.333073,2011,43320,2011
Switzerland_43420_2011,4.883658,5.6540575,2011,43420,2011
Switzerland_43520_2011,3.8984318,3.4991522,2011,43520,2011
Switzerland_43530_2011,6.666468,9.762681,2011,43530,2011
Switzerland_43540_2011,3.3212824,2.7037308,2011,43540,2011
Switzerland_43810_2011,6.9275146,10.372333,2011,43810,2011
Switzerland_43811_2011,4.3839107,4.6329427,2011,43811,2011
Switzerland_43902_2011,6.5294194,10.403564,2011,43902,2011
Switzerland_43110_2015,2.091159,-0.39539918,2015,43110,2015
Switzerland_43120_2015,2.8175313,1.0543183,2015,43120,2015
Switzerland_43220_2015,4.521452,5.3015184,2015,43220,2015
Switzerland_43320_2015,5.5244837,7.8377476,2015,43320,2015
Switzerland_43420_2015,5.223165,7.2232285,2015,43420,2015
Switzerland_43520_2015,4.9073076,6.7605076,2015,43520,2015
Switzerland_43530_2015,2.9811482,1.2991292,2015,43530,2015
Switzerland_43810_2015,3.7347083,4.236328,2015,43810,2015
Switzerland_43811_2015,4.1458254,4.764787,2015,43811,2015
Switzerland_43020_2019,-3.2732935,3.285604,2019,43020,2019
Switzerland_43110_2019,1.3343575,-3.1741934,2019,43110,2019
Switzerland_43120_2019,4.6358447,5.6536226,2019,43120,2019
Switzerland_43220_2019,3.8139117,1.9221132,2019,43220,2019
Switzerland_43320_2019,4.9001865,5.8638425,2019,43320,2019
Switzerland_43420_2019,3.5835547,2.5464783,2019,43420,2019
Switzerland_43520_2019,4.333573,4.006099,2019,43520,2019
Switzerland_43530_2019,3.6700828,3.0347452,2019,43530,2019
Switzerland_43711_2019,3.3634036,1.7520624,2019,43711,2019
Switzerland_43810_2019,3.7587528,0.9855029,2019,43810,2019
Switzerland_43811_2019,2.4512386,-0.80181515,2019,43811,2019
United Kingdom_51421_1997,-0.25599083,-0.5505282,1997,51421,1997
United Kingdom_51902_1997,-0.033438325,0.7069154,1997,51902,1997
United Kingdom_51320_2001,-1.923644,-2.0406907,2001,51320,2001
United Kingdom_51902_2001,2.056329,3.543425,2001,51902,2001
United Kingdom_51110_2015,-10.346571,-18.671062,2015,51110,2015
United Kingdom_51210_2015,6.109587,9.267055,2015,51210,2015
United Kingdom_51320_2015,1.3547325,1.8187689,2015,51320,2015
United Kingdom_51340_2015,2.0753026,2.893518,2015,51340,2015
United Kingdom_51421_2015,-4.557783,-8.714264,2015,51421,2015
United Kingdom_51620_2015,-1.4098452,-2.8915622,2015,51620,2015
United Kingdom_51621_2015,-0.8752563,-0.7868198,2015,51621,2015
United Kingdom_51901_2015,-0.20093863,0.018639548,2015,51901,2015
United Kingdom_51902_2015,-0.7333375,-0.91018873,2015,51902,2015
United Kingdom_51903_2015,2.390479,3.9877386,2015,51903,2015
United Kingdom_51951_2015,-2.0878096,-2.4223452,2015,51951,2015
United Kingdom_51110_2017,1.9166559,3.263409,2017,51110,2017
United Kingdom_51210_2017,5.7686095,8.835275,2017,51210,2017
United Kingdom_51320_2017,-2.5762668,-2.7553604,2017,51320,2017
United Kingdom_51421_2017,-1.4843456,-2.1491933,2017,51421,2017
United Kingdom_51620_2017,-1.8957722,-1.8365483,2017,51620,2017
United Kingdom_51901_2017,1.5364174,3.0280762,2017,51901,2017
United Kingdom_51902_2017,1.1618321,2.537066,2017,51902,2017
United Kingdom_51903_2017,1.7092474,2.987108,2017,51903,2017
United Kingdom_51951_2017,-1.1065639,-1.1250839,2017,51951,2017
United Kingdom_51110_2019,-6.558165,-13.1383295,2019,51110,2019
United Kingdom_51210_2019,7.2837706,10.93451,2019,51210,2019
United Kingdom_51320_2019,-2.7805912,-4.883988,2019,51320,2019
United Kingdom_51340_2019,-0.58213955,-0.95526093,2019,51340,2019
United Kingdom_51421_2019,-5.336653,-8.385141,2019,51421,2019
United Kingdom_51430_2019,-2.5305145,-2.8683317,2019,51430,2019
United Kingdom_51620_2019,-1.6048387,-1.6003356,2019,51620,2019
United Kingdom_51901_2019,-3.4642305,-5.4064727,2019,51901,2019
United Kingdom_51902_2019,-4.6362906,-5.6476636,2019,51902,2019
United Kingdom_51903_2019,-0.34782076,0.72480464,2019,51903,2019
Ireland_53110_2007,-5.0228343,-9.895794,2007,53110,2007
Ireland_53320_2007,-6.1588497,-12.372668,2007,53320,2007
Ireland_53420_2007,-4.3808203,-9.205852,2007,53420,2007
Ireland_53520_2007,-3.9361296,-7.3900847,2007,53520,2007
Ireland_53620_2007,-6.5247416,-11.738652,2007,53620,2007
Ireland_53951_2007,-2.2458498,-5.054951,2007,53951,2007
Ireland_53021_2011,5.7810917,8.727799,2011,53021,2011
Ireland_53110_2011,-3.7715187,-7.8186116,2011,53110,2011
Ireland_53230_2011,7.126718,10.758385,2011,53230,2011
Ireland_53320_2011,-3.7184036,-7.8724046,2011,53320,2011
Ireland_53520_2011,-4.2531962,-9.013695,2011,53520,2011
Ireland_53620_2011,1.45543,1.6838121,2011,53620,2011
Ireland_53951_2011,3.1551173,5.0959535,2011,53951,2011
Ireland_53110_2016,-6.168071,-12.350156,2016,53110,2016
Ireland_53231_2016,2.8463566,4.058622,2016,53231,2016
Ireland_53240_2016,3.2462885,5.1402864,2016,53240,2016
Ireland_53250_2016,5.8395395,8.629512,2016,53250,2016
Ireland_53320_2016,-4.1121197,-8.663416,2016,53320,2016
Ireland_53321_2016,-1.5200931,-2.749745,2016,53321,2016
Ireland_53520_2016,-7.8987103,-14.078524,2016,53520,2016
Ireland_53620_2016,-0.58854735,-1.1193383,2016,53620,2016
Ireland_53951_2016,2.1838036,2.2142835,2016,53951,2016
Ireland_53110_2020,-9.4848995,-18.556509,2020,53110,2020
Ireland_53231_2020,1.8734553,2.7881339,2020,53231,2020
Ireland_53320_2020,-2.454493,-4.7149215,2020,53320,2020
Ireland_53321_2020,-6.590128,-12.406237,2020,53321,2020
Ireland_53520_2020,-8.416529,-14.971826,2020,53520,2020
Ireland_53620_2020,-4.2395067,-8.389471,2020,53620,2020
Ireland_53951_2020,-3.8787005,-7.482488,2020,53951,2020
Ireland_53952_2020,-3.6409786,-6.807609,2020,53952,2020
