country_party_election,d2v_d1,d2v_d2,country,party,election
Sweden_11110_2006,2.9518237,4.6428986,Sweden,11110,2006
Sweden_11220_2006,2.4038196,3.771671,Sweden,11220,2006
Sweden_11320_2006,2.0626426,3.1021135,Sweden,11320,2006
Sweden_11420_2006,1.728887,2.7127995,Sweden,11420,2006
Sweden_11520_2006,3.2995195,4.61553,Sweden,11520,2006
Sweden_11620_2006,0.9710908,1.8934072,Sweden,11620,2006
Sweden_11810_2006,1.833337,3.2607012,Sweden,11810,2006
Sweden_11110_2010,2.9417076,4.2249827,Sweden,11110,2010
Sweden_11220_2010,1.8359395,3.020195,Sweden,11220,2010
Sweden_11320_2010,1.9216751,2.8936672,Sweden,11320,2010
Sweden_11420_2010,1.6528538,2.310515,Sweden,11420,2010
Sweden_11520_2010,1.9078503,2.3967612,Sweden,11520,2010
Sweden_11620_2010,0.8926445,2.0160937,Sweden,11620,2010
Sweden_11710_2010,3.3901906,4.557118,Sweden,11710,2010
Sweden_11810_2010,1.6631442,2.6139262,Sweden,11810,2010
Sweden_11110_2014,1.0106356,1.530809,Sweden,11110,2014
Sweden_11220_2014,0.69520193,1.9705548,Sweden,11220,2014
Sweden_11320_2014,0.20245709,1.4831245,Sweden,11320,2014
Sweden_11420_2014,1.957537,3.218458,Sweden,11420,2014
Sweden_11520_2014,1.2810999,2.348589,Sweden,11520,2014
Sweden_11620_2014,-2.434008,-1.8838644,Sweden,11620,2014
Sweden_11710_2014,1.2656953,2.6211169,Sweden,11710,2014
Sweden_11810_2014,1.2257743,2.4265172,Sweden,11810,2014
Sweden_11110_2018,1.4005587,2.064689,Sweden,11110,2018
Sweden_11220_2018,-0.43457744,0.43192548,Sweden,11220,2018
Sweden_11320_2018,1.6555669,2.779073,Sweden,11320,2018
Sweden_11420_2018,1.796966,2.7645986,Sweden,11420,2018
Sweden_11520_2018,2.7922792,4.0342546,Sweden,11520,2018
Sweden_11620_2018,0.53843147,1.5495734,Sweden,11620,2018
Sweden_11710_2018,1.3255991,2.2994761,Sweden,11710,2018
Sweden_11810_2018,1.409546,2.2482374,Sweden,11810,2018
Sweden_11110_2022,1.9307747,3.1467254,Sweden,11110,2022
Sweden_11220_2022,-0.030912532,0.52581835,Sweden,11220,2022
Sweden_11320_2022,1.3362356,2.276458,Sweden,11320,2022
Sweden_11420_2022,1.4228947,2.4768715,Sweden,11420,2022
Sweden_11520_2022,2.3746533,3.5891833,Sweden,11520,2022
Sweden_11620_2022,1.3831319,1.9003273,Sweden,11620,2022
Sweden_11710_2022,-1.9070234,-1.5466925,Sweden,11710,2022
Sweden_11810_2022,0.9947233,1.8458482,Sweden,11810,2022
Norway_12221_2005,-2.4060168,-3.5299423,Norway,12221,2005
Norway_12320_2005,-1.3767735,-1.8018718,Norway,12320,2005
Norway_12420_2005,-2.4695926,-2.8772452,Norway,12420,2005
Norway_12520_2005,-1.6673838,-1.717592,Norway,12520,2005
Norway_12620_2005,-0.9431763,-0.511711,Norway,12620,2005
Norway_12810_2005,-2.6378794,-3.712159,Norway,12810,2005
Norway_12951_2005,-2.590442,-4.368041,Norway,12951,2005
Norway_12221_2009,-3.1405888,-4.53534,Norway,12221,2009
Norway_12320_2009,-1.5200025,-2.118129,Norway,12320,2009
Norway_12420_2009,-1.4617893,-1.773938,Norway,12420,2009
Norway_12520_2009,-1.8231792,-1.8450499,Norway,12520,2009
Norway_12620_2009,-0.33302078,-0.3517982,Norway,12620,2009
Norway_12810_2009,-2.7374456,-3.6567597,Norway,12810,2009
Norway_12951_2009,-0.70445305,-0.16944973,Norway,12951,2009
Norway_12110_2013,-0.5542213,-0.5266462,Norway,12110,2013
Norway_12221_2013,-4.0373106,-6.68393,Norway,12221,2013
Norway_12320_2013,-3.1595085,-4.042283,Norway,12320,2013
Norway_12420_2013,-2.6115794,-3.5236166,Norway,12420,2013
Norway_12520_2013,-3.11716,-3.100477,Norway,12520,2013
Norway_12620_2013,-0.86022913,-0.7254476,Norway,12620,2013
Norway_12810_2013,-1.5801051,-1.5936325,Norway,12810,2013
Norway_12951_2013,-1.0177895,-1.116249,Norway,12951,2013
Norway_12110_2017,-1.3460547,-0.69782114,Norway,12110,2017
Norway_12221_2017,-3.7851264,-4.6277804,Norway,12221,2017
Norway_12230_2017,-3.0338817,-4.2197976,Norway,12230,2017
Norway_12320_2017,-3.0579734,-3.4396205,Norway,12320,2017
Norway_12420_2017,-2.7833774,-3.7015703,Norway,12420,2017
Norway_12520_2017,-3.803217,-4.3232937,Norway,12520,2017
Norway_12620_2017,-1.3119633,-1.2777152,Norway,12620,2017
Norway_12810_2017,-2.1306455,-1.9485441,Norway,12810,2017
Norway_12951_2017,-1.5545423,-1.1690115,Norway,12951,2017
Denmark_13229_1998,3.4037404,4.836345,Denmark,13229,1998
Denmark_13230_1998,2.775927,3.5327854,Denmark,13230,1998
Denmark_13320_1998,2.634221,3.1328802,Denmark,13320,1998
Denmark_13330_1998,2.8728414,3.6834357,Denmark,13330,1998
Denmark_13410_1998,3.7725375,5.319618,Denmark,13410,1998
Denmark_13420_1998,4.348711,5.8245964,Denmark,13420,1998
Denmark_13520_1998,3.555983,4.9217772,Denmark,13520,1998
Denmark_13620_1998,3.6421237,5.0366836,Denmark,13620,1998
Denmark_13720_1998,4.5317845,6.032474,Denmark,13720,1998
Denmark_13951_1998,5.0049176,6.689544,Denmark,13951,1998
Denmark_13320_2001,1.0678519,1.8207273,Denmark,13320,2001
Denmark_13229_2005,3.6590097,4.6978884,Denmark,13229,2005
Denmark_13230_2005,1.7095358,2.058957,Denmark,13230,2005
Denmark_13320_2005,2.7435975,3.2913742,Denmark,13320,2005
Denmark_13330_2005,4.3622293,5.936403,Denmark,13330,2005
Denmark_13410_2005,4.588673,6.040269,Denmark,13410,2005
Denmark_13420_2005,2.7656672,3.7450218,Denmark,13420,2005
Denmark_13520_2005,3.930163,5.089521,Denmark,13520,2005
Denmark_13620_2005,3.071908,4.344701,Denmark,13620,2005
Denmark_13720_2005,4.3540745,6.0304847,Denmark,13720,2005
Denmark_13001_2007,4.530493,5.969107,Denmark,13001,2007
Denmark_13229_2007,2.0243526,2.6444683,Denmark,13229,2007
Denmark_13230_2007,3.6467404,5.2515917,Denmark,13230,2007
Denmark_13320_2007,3.1437323,4.1487074,Denmark,13320,2007
Denmark_13410_2007,4.45571,6.1115932,Denmark,13410,2007
Denmark_13420_2007,3.146003,4.3038306,Denmark,13420,2007
Denmark_13620_2007,2.638292,3.8146696,Denmark,13620,2007
Denmark_13720_2007,4.5619392,6.1936088,Denmark,13720,2007
Denmark_13001_2011,4.3464003,5.863661,Denmark,13001,2011
Denmark_13229_2011,1.3588328,0.9541093,Denmark,13229,2011
Denmark_13230_2011,1.3194928,0.79612845,Denmark,13230,2011
Denmark_13320_2011,2.8698177,3.952313,Denmark,13320,2011
Denmark_13410_2011,3.3623035,4.7746367,Denmark,13410,2011
Denmark_13420_2011,2.760434,3.3713975,Denmark,13420,2011
Denmark_13620_2011,3.12663,4.3918886,Denmark,13620,2011
Denmark_13720_2011,2.4962473,3.1104498,Denmark,13720,2011
Denmark_13001_2015,2.7345922,3.736053,Denmark,13001,2015
Denmark_13110_2015,2.6541495,3.316108,Denmark,13110,2015
Denmark_13229_2015,2.0667455,2.699827,Denmark,13229,2015
Denmark_13230_2015,2.6164575,3.676224,Denmark,13230,2015
Denmark_13320_2015,2.2121081,2.0433412,Denmark,13320,2015
Denmark_13410_2015,3.9088326,5.28919,Denmark,13410,2015
Denmark_13420_2015,3.7273386,5.2233696,Denmark,13420,2015
Denmark_13720_2015,4.4823546,6.209525,Denmark,13720,2015
Denmark_13001_2019,2.655492,4.400113,Denmark,13001,2019
Denmark_13110_2019,-2.3258126,-2.665838,Denmark,13110,2019
Denmark_13229_2019,1.8206888,1.7049029,Denmark,13229,2019
Denmark_13230_2019,0.23408815,-0.12493902,Denmark,13230,2019
Denmark_13320_2019,-2.9229255,-3.6788301,Denmark,13320,2019
Denmark_13410_2019,0.6084488,1.0523452,Denmark,13410,2019
Denmark_13420_2019,2.630587,3.7202024,Denmark,13420,2019
Denmark_13620_2019,-0.1268573,-0.47811028,Denmark,13620,2019
Denmark_13720_2019,2.8004127,4.071592,Denmark,13720,2019
Denmark_13730_2019,1.7370372,1.5948199,Denmark,13730,2019
Finland_14110_2007,-0.041574046,0.48823467,Finland,14110,2007
Finland_14223_2007,-2.282353,-2.8588514,Finland,14223,2007
Finland_14320_2007,-1.129272,-1.089833,Finland,14320,2007
Finland_14520_2007,-0.049776465,0.4374413,Finland,14520,2007
Finland_14620_2007,0.008849107,0.5124564,Finland,14620,2007
Finland_14810_2007,-2.4588661,-3.216794,Finland,14810,2007
Finland_14820_2007,-3.2695556,-3.1568432,Finland,14820,2007
Finland_14901_2007,2.2744544,3.64293,Finland,14901,2007
Finland_14110_2011,-1.7489707,-1.9340148,Finland,14110,2011
Finland_14223_2011,0.64441824,1.8363807,Finland,14223,2011
Finland_14320_2011,-1.686571,-1.6607801,Finland,14320,2011
Finland_14520_2011,-3.0638154,-3.3483913,Finland,14520,2011
Finland_14620_2011,-0.21343912,0.3175388,Finland,14620,2011
Finland_14810_2011,-2.8324056,-4.2241316,Finland,14810,2011
Finland_14820_2011,-4.764444,-5.9956064,Finland,14820,2011
Finland_14901_2011,2.0632515,3.305226,Finland,14901,2011
Finland_14110_2015,-0.6396134,-0.1280759,Finland,14110,2015
Finland_14223_2015,-1.7193646,-1.9631901,Finland,14223,2015
Finland_14320_2015,-0.26393637,0.54404575,Finland,14320,2015
Finland_14520_2015,-0.092893235,0.27400517,Finland,14520,2015
Finland_14620_2015,0.019856159,0.70204073,Finland,14620,2015
Finland_14810_2015,1.1572745,1.9550525,Finland,14810,2015
Finland_14820_2015,-6.648973,-9.1843195,Finland,14820,2015
Finland_14901_2015,1.0992074,3.4206965,Finland,14901,2015
Finland_14110_2019,-0.74896234,-0.37035218,Finland,14110,2019
Finland_14223_2019,-3.266537,-3.7930982,Finland,14223,2019
Finland_14320_2019,-8.576083,-12.934027,Finland,14320,2019
Finland_14440_2019,1.7439275,2.644494,Finland,14440,2019
Finland_14520_2019,-1.006086,-0.71846706,Finland,14520,2019
Finland_14620_2019,1.3543531,2.2376626,Finland,14620,2019
Finland_14810_2019,-0.92475575,-0.8144946,Finland,14810,2019
Finland_14820_2019,-8.259805,-11.34883,Finland,14820,2019
Finland_14901_2019,1.3519187,2.003199,Finland,14901,2019
Iceland_15111_2003,0.9275448,2.406773,Iceland,15111,2003
Iceland_15328_2003,1.1230739,2.376809,Iceland,15328,2003
Iceland_15420_2003,4.281157,5.905777,Iceland,15420,2003
Iceland_15620_2003,2.1105306,3.5136676,Iceland,15620,2003
Iceland_15111_2007,3.077153,4.527049,Iceland,15111,2007
Iceland_15328_2007,3.2868683,4.4697776,Iceland,15328,2007
Iceland_15420_2007,2.4502022,3.9202638,Iceland,15420,2007
Iceland_15620_2007,1.7982748,3.0031822,Iceland,15620,2007
Iceland_15111_2009,3.381617,4.726071,Iceland,15111,2009
Iceland_15328_2009,2.2399855,3.6660426,Iceland,15328,2009
Iceland_15430_2009,3.3497937,4.810608,Iceland,15430,2009
Iceland_15620_2009,3.5111885,5.092612,Iceland,15620,2009
Iceland_15810_2009,3.0780241,4.440136,Iceland,15810,2009
Iceland_15111_2013,2.0397878,3.4210827,Iceland,15111,2013
Iceland_15328_2013,2.0440605,3.5183542,Iceland,15328,2013
Iceland_15440_2013,3.3377938,4.8250995,Iceland,15440,2013
Iceland_15620_2013,2.1376162,3.7536108,Iceland,15620,2013
Iceland_15810_2013,2.2100058,3.6280475,Iceland,15810,2013
Iceland_15952_2013,2.5222256,3.7336533,Iceland,15952,2013
Iceland_15111_2016,0.88670224,2.2835886,Iceland,15111,2016
Iceland_15328_2016,-0.20617622,0.92790186,Iceland,15328,2016
Iceland_15440_2016,2.5932486,3.94445,Iceland,15440,2016
Iceland_15450_2016,2.4035623,4.0291944,Iceland,15450,2016
Iceland_15620_2016,1.1111879,2.8945332,Iceland,15620,2016
Iceland_15810_2016,1.7156162,3.0247827,Iceland,15810,2016
Iceland_15952_2016,1.7944633,3.596001,Iceland,15952,2016
Iceland_15111_2017,1.2491065,3.2898736,Iceland,15111,2017
Iceland_15328_2017,2.0100648,3.530105,Iceland,15328,2017
Iceland_15440_2017,1.6611818,3.4616332,Iceland,15440,2017
Iceland_15450_2017,2.2925699,4.0238314,Iceland,15450,2017
Iceland_15620_2017,1.294954,3.2984328,Iceland,15620,2017
Iceland_15810_2017,2.7561777,4.4380703,Iceland,15810,2017
Iceland_15952_2017,2.2386897,3.8048153,Iceland,15952,2017
Iceland_15953_2017,2.0496504,3.5875547,Iceland,15953,2017
Iceland_15111_2021,0.6646125,2.3438025,Iceland,15111,2021
Iceland_15328_2021,-0.09965984,1.4088546,Iceland,15328,2021
Iceland_15450_2021,0.56948525,2.3138366,Iceland,15450,2021
Iceland_15620_2021,1.1992252,2.8567986,Iceland,15620,2021
Iceland_15630_2021,2.0474384,3.4951801,Iceland,15630,2021
Iceland_15810_2021,1.1304411,2.5849087,Iceland,15810,2021
Iceland_15952_2021,-0.30047613,0.47953317,Iceland,15952,2021
Iceland_15953_2021,2.0634956,3.7022605,Iceland,15953,2021
Belgium_21111_2007,-24.57564,23.337793,Belgium,21111,2007
Belgium_21112_2007,11.051399,-25.810022,Belgium,21112,2007
Belgium_21221_2007,10.241243,-6.915394,Belgium,21221,2007
Belgium_21321_2007,10.959857,-8.798905,Belgium,21321,2007
Belgium_21322_2007,-24.214432,19.606852,Belgium,21322,2007
Belgium_21330_2007,11.8236,-18.602392,Belgium,21330,2007
Belgium_21421_2007,10.803159,-24.890818,Belgium,21421,2007
Belgium_21426_2007,-23.587376,22.176125,Belgium,21426,2007
Belgium_21430_2007,11.305781,-10.832325,Belgium,21430,2007
Belgium_21521_2007,11.416644,-25.730082,Belgium,21521,2007
Belgium_21522_2007,-24.923388,18.756958,Belgium,21522,2007
Belgium_21916_2007,11.038023,-11.666803,Belgium,21916,2007
Belgium_21917_2007,12.553283,-19.3041,Belgium,21917,2007
Belgium_21111_2010,-27.996387,20.219519,Belgium,21111,2010
Belgium_21112_2010,11.107263,-22.201878,Belgium,21112,2010
Belgium_21321_2010,12.546373,-16.641056,Belgium,21321,2010
Belgium_21322_2010,-25.92637,19.158587,Belgium,21322,2010
Belgium_21421_2010,13.167474,-20.932846,Belgium,21421,2010
Belgium_21426_2010,-27.277163,18.636974,Belgium,21426,2010
Belgium_21430_2010,5.532849,5.8827405,Belgium,21430,2010
Belgium_21521_2010,13.872724,-22.50438,Belgium,21521,2010
Belgium_21522_2010,-28.12722,16.43529,Belgium,21522,2010
Belgium_21916_2010,14.64497,-21.086355,Belgium,21916,2010
Belgium_21917_2010,9.869382,-5.162016,Belgium,21917,2010
Belgium_21112_2014,9.293665,-31.39294,Belgium,21112,2014
Belgium_21230_2014,12.439903,-29.300032,Belgium,21230,2014
Belgium_21321_2014,11.374521,-32.629627,Belgium,21321,2014
Belgium_21322_2014,-29.592926,19.19428,Belgium,21322,2014
Belgium_21421_2014,13.629394,-20.26762,Belgium,21421,2014
Belgium_21426_2014,-29.333153,16.948254,Belgium,21426,2014
Belgium_21521_2014,12.534166,-31.313396,Belgium,21521,2014
Belgium_21522_2014,-33.21289,20.486736,Belgium,21522,2014
Belgium_21710_2014,-18.107212,12.216768,Belgium,21710,2014
Belgium_21912_2014,-33.80617,15.8958645,Belgium,21912,2014
Belgium_21916_2014,15.118304,-25.726711,Belgium,21916,2014
Belgium_21917_2014,11.969587,-10.684871,Belgium,21917,2014
Belgium_21111_2019,-27.051344,15.742047,Belgium,21111,2019
Belgium_21112_2019,14.107993,-25.786818,Belgium,21112,2019
Belgium_21230_2019,11.576341,-29.227343,Belgium,21230,2019
Belgium_21321_2019,13.766758,-31.70937,Belgium,21321,2019
Belgium_21322_2019,-31.313526,20.93201,Belgium,21322,2019
Belgium_21421_2019,15.124315,-24.487614,Belgium,21421,2019
Belgium_21426_2019,-32.5662,17.307434,Belgium,21426,2019
Belgium_21521_2019,11.496564,-34.672504,Belgium,21521,2019
Belgium_21522_2019,-11.872022,10.536616,Belgium,21522,2019
Belgium_21912_2019,-36.17401,14.689882,Belgium,21912,2019
Belgium_21916_2019,15.757515,-24.785233,Belgium,21916,2019
Belgium_21917_2019,16.075039,-22.060867,Belgium,21917,2019
Netherlands_22210_1946,7.741923,0.2277827,Netherlands,22210,1946
Netherlands_22952_1946,5.3451066,5.3710423,Netherlands,22952,1946
Netherlands_22210_1948,6.438456,3.1230211,Netherlands,22210,1948
Netherlands_22952_1948,5.8374524,3.6186304,Netherlands,22952,1948
Netherlands_22528_1981,5.6777873,1.8346084,Netherlands,22528,1981
Netherlands_22210_1982,13.847035,-13.003774,Netherlands,22210,1982
Netherlands_22527_1982,13.607441,-10.635973,Netherlands,22527,1982
Netherlands_22528_1982,5.5539494,2.093225,Netherlands,22528,1982
Netherlands_22710_1982,10.207182,-4.596004,Netherlands,22710,1982
Netherlands_22952_1982,11.316983,-6.806292,Netherlands,22952,1982
Netherlands_22230_1986,13.952499,-14.490599,Netherlands,22230,1986
Netherlands_22952_1986,11.677723,-7.06384,Netherlands,22952,1986
Netherlands_22527_1989,12.827552,-9.680172,Netherlands,22527,1989
Netherlands_22528_1989,15.215732,-14.323014,Netherlands,22528,1989
Netherlands_22711_1989,5.0547805,4.711065,Netherlands,22711,1989
Netherlands_22952_1989,13.548263,-11.13919,Netherlands,22952,1989
Netherlands_22220_1994,13.631984,-11.833191,Netherlands,22220,1994
Netherlands_22527_1994,13.30905,-11.837617,Netherlands,22527,1994
Netherlands_22528_1994,14.747392,-15.897808,Netherlands,22528,1994
Netherlands_22711_1994,6.32614,3.3426034,Netherlands,22711,1994
Netherlands_22952_1994,11.810717,-7.2031116,Netherlands,22952,1994
Netherlands_22954_1994,14.998762,-13.799104,Netherlands,22954,1994
Netherlands_22955_1994,9.725536,-3.124449,Netherlands,22955,1994
Netherlands_22527_1998,12.85484,-10.677153,Netherlands,22527,1998
Netherlands_22528_1998,12.214746,-9.182296,Netherlands,22528,1998
Netherlands_22952_1998,10.708655,-5.267046,Netherlands,22952,1998
Netherlands_22952_2002,13.111322,-11.786543,Netherlands,22952,2002
Netherlands_22110_2006,12.258042,-9.566593,Netherlands,22110,2006
Netherlands_22220_2006,13.660591,-12.489067,Netherlands,22220,2006
Netherlands_22320_2006,14.200211,-14.147168,Netherlands,22320,2006
Netherlands_22330_2006,13.280437,-11.570943,Netherlands,22330,2006
Netherlands_22420_2006,9.590693,-3.0088584,Netherlands,22420,2006
Netherlands_22521_2006,13.448391,-13.007558,Netherlands,22521,2006
Netherlands_22526_2006,12.667546,-10.33377,Netherlands,22526,2006
Netherlands_22722_2006,5.801429,6.196643,Netherlands,22722,2006
Netherlands_22951_2006,7.7201543,0.752793,Netherlands,22951,2006
Netherlands_22952_2006,12.450399,-9.491825,Netherlands,22952,2006
Netherlands_22110_2010,12.817569,-10.665956,Netherlands,22110,2010
Netherlands_22220_2010,11.466107,-7.472535,Netherlands,22220,2010
Netherlands_22320_2010,14.229352,-13.208366,Netherlands,22320,2010
Netherlands_22330_2010,14.141073,-14.92872,Netherlands,22330,2010
Netherlands_22420_2010,12.177937,-9.064444,Netherlands,22420,2010
Netherlands_22521_2010,13.839371,-13.254519,Netherlands,22521,2010
Netherlands_22526_2010,13.668618,-11.784679,Netherlands,22526,2010
Netherlands_22722_2010,8.661435,-1.4584199,Netherlands,22722,2010
Netherlands_22951_2010,9.760402,-3.5205297,Netherlands,22951,2010
Netherlands_22952_2010,12.752681,-10.51424,Netherlands,22952,2010
Netherlands_22110_2012,12.96508,-10.439863,Netherlands,22110,2012
Netherlands_22220_2012,13.081594,-10.239047,Netherlands,22220,2012
Netherlands_22320_2012,14.730848,-15.317406,Netherlands,22320,2012
Netherlands_22330_2012,12.433,-10.625381,Netherlands,22330,2012
Netherlands_22420_2012,13.2597,-11.238798,Netherlands,22420,2012
Netherlands_22521_2012,12.269639,-9.62746,Netherlands,22521,2012
Netherlands_22526_2012,13.629227,-12.176906,Netherlands,22526,2012
Netherlands_22722_2012,8.614258,-1.4623204,Netherlands,22722,2012
Netherlands_22951_2012,9.755572,-3.698107,Netherlands,22951,2012
Netherlands_22952_2012,10.00396,-4.5244536,Netherlands,22952,2012
Netherlands_22953_2012,8.796328,-0.7355342,Netherlands,22953,2012
Netherlands_22110_2017,12.76045,-9.939311,Netherlands,22110,2017
Netherlands_22220_2017,11.859676,-8.525157,Netherlands,22220,2017
Netherlands_22320_2017,14.599497,-14.991105,Netherlands,22320,2017
Netherlands_22321_2017,13.6795,-12.395871,Netherlands,22321,2017
Netherlands_22330_2017,15.397535,-18.617481,Netherlands,22330,2017
Netherlands_22420_2017,13.782707,-13.661424,Netherlands,22420,2017
Netherlands_22521_2017,13.416468,-12.145999,Netherlands,22521,2017
Netherlands_22526_2017,13.885704,-13.670432,Netherlands,22526,2017
Netherlands_22722_2017,5.4017043,6.3303785,Netherlands,22722,2017
Netherlands_22730_2017,6.8415737,2.6874137,Netherlands,22730,2017
Netherlands_22951_2017,10.829144,-6.4411845,Netherlands,22951,2017
Netherlands_22952_2017,13.672448,-12.25369,Netherlands,22952,2017
Netherlands_22953_2017,11.974431,-8.34256,Netherlands,22953,2017
Netherlands_22110_2021,14.976726,-17.21375,Netherlands,22110,2021
Netherlands_22220_2021,13.206756,-10.686384,Netherlands,22220,2021
Netherlands_22235_2021,13.354807,-12.311066,Netherlands,22235,2021
Netherlands_22240_2021,14.505209,-16.503757,Netherlands,22240,2021
Netherlands_22320_2021,14.609528,-19.26714,Netherlands,22320,2021
Netherlands_22321_2021,14.314618,-14.621578,Netherlands,22321,2021
Netherlands_22330_2021,15.004697,-20.630875,Netherlands,22330,2021
Netherlands_22420_2021,14.258484,-18.073002,Netherlands,22420,2021
Netherlands_22521_2021,14.96635,-16.823418,Netherlands,22521,2021
Netherlands_22526_2021,15.224823,-22.326025,Netherlands,22526,2021
Netherlands_22722_2021,11.148373,-6.720659,Netherlands,22722,2021
Netherlands_22730_2021,12.36805,-9.5094595,Netherlands,22730,2021
Netherlands_22731_2021,14.532596,-14.382605,Netherlands,22731,2021
Netherlands_22820_2021,11.325639,-7.436195,Netherlands,22820,2021
Netherlands_22951_2021,15.049192,-15.765986,Netherlands,22951,2021
Netherlands_22952_2021,10.029476,-3.9068613,Netherlands,22952,2021
Netherlands_22953_2021,10.997521,-5.201133,Netherlands,22953,2021
France_31021_2012,-22.582617,12.613419,France,31021,2012
France_31110_2012,-26.480127,12.645612,France,31110,2012
France_31230_2012,-21.577793,11.491057,France,31230,2012
France_31320_2012,-8.203362,9.243147,France,31320,2012
France_31421_2012,-10.950695,10.052554,France,31421,2012
France_31624_2012,-9.757561,9.191875,France,31624,2012
France_31626_2012,-14.911118,10.525529,France,31626,2012
France_31630_2012,-26.125631,12.790052,France,31630,2012
France_31631_2012,1.9666073,6.9379377,France,31631,2012
France_31720_2012,-9.194087,9.55017,France,31720,2012
France_31110_2017,-3.6695888,8.446014,France,31110,2017
France_31220_2017,1.9076737,6.962276,France,31220,2017
France_31230_2017,-16.99637,11.780573,France,31230,2017
France_31240_2017,-24.338165,12.716926,France,31240,2017
France_31320_2017,-3.809049,8.43303,France,31320,2017
France_31425_2017,-12.900389,10.136057,France,31425,2017
France_31430_2017,0.8640709,5.8777323,France,31430,2017
France_31624_2017,-11.119608,9.643763,France,31624,2017
France_31626_2017,0.7085938,5.7695975,France,31626,2017
France_31720_2017,-11.372977,9.686187,France,31720,2017
Italy_32212_2001,-20.584455,1.2178131,Italy,32212,2001
Italy_32629_2001,-3.460783,6.445163,Italy,32629,2001
Italy_32901_2001,-1.2352221,5.876297,Italy,32901,2001
Italy_32902_2001,-7.9754934,6.5493054,Italy,32902,2001
Italy_32061_2008,-2.181996,6.007759,Italy,32061,2008
Italy_32440_2008,0.36064616,5.752005,Italy,32440,2008
Italy_32720_2008,-0.75810564,5.336604,Italy,32720,2008
Italy_32902_2008,3.4874938,6.0800934,Italy,32902,2008
Italy_32021_2013,-8.042992,6.289068,Italy,32021,2013
Italy_32061_2013,3.7521505,5.576445,Italy,32061,2013
Italy_32230_2013,-12.878184,6.5954566,Italy,32230,2013
Italy_32440_2013,-8.026778,6.2327332,Italy,32440,2013
Italy_32450_2013,-15.323827,6.4067736,Italy,32450,2013
Italy_32460_2013,-7.458778,6.5995293,Italy,32460,2013
Italy_32530_2013,-4.3132334,6.0398736,Italy,32530,2013
Italy_32630_2013,-5.5108743,6.39633,Italy,32630,2013
Italy_32640_2013,-0.3744749,5.460168,Italy,32640,2013
Italy_32720_2013,3.8388374,5.6323595,Italy,32720,2013
Italy_32904_2013,10.659773,10.082113,Italy,32904,2013
Italy_32906_2013,5.030807,6.865726,Italy,32906,2013
Italy_32956_2013,-0.77036124,5.6515737,Italy,32956,2013
Italy_32022_2018,-7.0544972,6.3147473,Italy,32022,2018
Italy_32031_2018,-8.493991,6.549074,Italy,32031,2018
Italy_32051_2018,-4.783536,6.2702456,Italy,32051,2018
Italy_32055_2018,1.2258881,5.5204687,Italy,32055,2018
Italy_32440_2018,-18.8179,5.770589,Italy,32440,2018
Italy_32451_2018,-9.842251,6.200888,Italy,32451,2018
Italy_32610_2018,1.572789,5.501084,Italy,32610,2018
Italy_32630_2018,-0.2706988,5.44465,Italy,32630,2018
Italy_32720_2018,-11.068784,6.2270555,Italy,32720,2018
Italy_32956_2018,-20.339128,3.9446476,Italy,32956,2018
Spain_33610_1996,-16.083942,-0.8943288,Spain,33610,1996
Spain_33907_1996,-19.311302,-2.6067538,Spain,33907,1996
Spain_33220_2000,-28.262949,-22.657673,Spain,33220,2000
Spain_33320_2000,-19.286335,-4.1711884,Spain,33320,2000
Spain_33610_2000,-18.883179,-2.9807642,Spain,33610,2000
Spain_33611_2000,-22.29433,-2.2866664,Spain,33611,2000
Spain_33902_2000,-24.722404,-1.7702845,Spain,33902,2000
Spain_33907_2000,-15.041428,1.7203772,Spain,33907,2000
Spain_33908_2000,-10.935814,1.827023,Spain,33908,2000
Spain_33906_2004,-18.848915,-2.7945337,Spain,33906,2004
Spain_33907_2004,-8.387291,3.132828,Spain,33907,2004
Spain_33908_2004,-17.540558,-0.47259158,Spain,33908,2004
Spain_33909_2004,-10.277464,2.8828485,Spain,33909,2004
Spain_33910_2004,2.785076,5.8894014,Spain,33910,2004
Spain_33220_2008,-22.318583,-0.91801673,Spain,33220,2008
Spain_33320_2008,-25.450195,-7.867496,Spain,33320,2008
Spain_33610_2008,-22.103138,-2.3853736,Spain,33610,2008
Spain_33611_2008,-2.8414354,5.1929355,Spain,33611,2008
Spain_33902_2008,-19.70935,0.4713948,Spain,33902,2008
Spain_33903_2008,-16.989344,1.5458996,Spain,33903,2008
Spain_33905_2008,-7.677326,2.9096696,Spain,33905,2008
Spain_33907_2008,-13.267557,1.2338303,Spain,33907,2008
Spain_33908_2008,-19.16652,-1.5094631,Spain,33908,2008
Spain_33909_2008,-13.664702,2.146739,Spain,33909,2008
Spain_33091_2011,-18.876343,0.085293464,Spain,33091,2011
Spain_33092_2011,0.88485056,5.503084,Spain,33092,2011
Spain_33093_2011,-24.380482,-2.5263798,Spain,33093,2011
Spain_33220_2011,-20.7281,-4.003898,Spain,33220,2011
Spain_33320_2011,-28.572523,-8.985156,Spain,33320,2011
Spain_33440_2011,-17.93204,1.3485522,Spain,33440,2011
Spain_33610_2011,-19.850449,0.34011626,Spain,33610,2011
Spain_33611_2011,-10.030002,-0.11212897,Spain,33611,2011
Spain_33612_2011,-21.554619,-2.3304546,Spain,33612,2011
Spain_33902_2011,-6.2383246,3.4264274,Spain,33902,2011
Spain_33905_2011,-13.551908,-1.8720446,Spain,33905,2011
Spain_33907_2011,-18.035843,1.0315386,Spain,33907,2011
Spain_33908_2011,-19.483875,-0.102966525,Spain,33908,2011
Spain_33020_2015,-24.11948,-5.622192,Spain,33020,2015
Spain_33095_2015,1.0549108,5.2151284,Spain,33095,2015
Spain_33096_2015,1.3164419,0.96625984,Spain,33096,2015
Spain_33097_2015,1.5621153,4.5784025,Spain,33097,2015
Spain_33098_2015,0.71383905,1.076672,Spain,33098,2015
Spain_33099_2015,-1.7319751,2.3408065,Spain,33099,2015
Spain_33210_2015,-3.0112734,0.9185632,Spain,33210,2015
Spain_33320_2015,-7.9566073,-5.7292438,Spain,33320,2015
Spain_33420_2015,-30.095444,-8.188141,Spain,33420,2015
Spain_33610_2015,-7.821979,0.34716865,Spain,33610,2015
Spain_33902_2015,0.32848838,3.6477895,Spain,33902,2015
Spain_33905_2015,-0.703884,2.7634296,Spain,33905,2015
Spain_33907_2015,-5.9753776,2.7475743,Spain,33907,2015
Spain_33025_2016,-11.306763,2.4474115,Spain,33025,2016
Spain_33095_2016,-1.2789665,4.8270707,Spain,33095,2016
Spain_33096_2016,1.3246759,0.9265633,Spain,33096,2016
Spain_33097_2016,1.2738631,4.500712,Spain,33097,2016
Spain_33098_2016,0.7638841,1.1826317,Spain,33098,2016
Spain_33210_2016,-2.553663,0.9746391,Spain,33210,2016
Spain_33320_2016,-10.067964,-6.555277,Spain,33320,2016
Spain_33420_2016,-16.162415,2.0726314,Spain,33420,2016
Spain_33610_2016,-7.2514405,0.7994004,Spain,33610,2016
Spain_33902_2016,0.33577138,3.7941816,Spain,33902,2016
Spain_33905_2016,-0.9025119,3.1191835,Spain,33905,2016
Spain_33907_2016,-5.2194834,3.017992,Spain,33907,2016
Spain_33911_2016,-1.8279668,2.11406,Spain,33911,2016
Spain_33095_2019,-2.8473432,4.368052,Spain,33095,2019
Spain_33210_2019,-20.036762,-4.2715335,Spain,33210,2019
Spain_33220_2019,-9.915246,-6.0764947,Spain,33220,2019
Spain_33320_2019,-30.080503,-8.818572,Spain,33320,2019
Spain_33420_2019,-15.176331,0.881961,Spain,33420,2019
Spain_33610_2019,-18.768309,-0.78806686,Spain,33610,2019
Spain_33710_2019,0.13945742,4.562076,Spain,33710,2019
Spain_33902_2019,-5.0314856,2.2472253,Spain,33902,2019
Spain_33905_2019,-2.4836833,-1.3258936,Spain,33905,2019
Spain_33907_2019,-21.829763,-0.7551014,Spain,33907,2019
Spain_33912_2019,-0.6586718,0.31551304,Spain,33912,2019
Spain_33913_2019,1.2261469,5.3837585,Spain,33913,2019
Spain_33914_2019,-16.611872,-2.1146157,Spain,33914,2019
Spain_33230_2019,-24.964016,-3.0067086,Spain,33230,2019
Spain_33908_2019,-23.507364,-1.249973,Spain,33908,2019
Spain_33915_2019,1.7092469,4.9815555,Spain,33915,2019
Spain_33916_2019,4.2111087,6.3563766,Spain,33916,2019
Greece_34211_1996,4.300323,3.4989233,Greece,34211,1996
Greece_34020_2004,4.779436,2.956593,Greece,34020,2004
Greece_34210_2004,4.1809974,2.952674,Greece,34210,2004
Greece_34313_2004,5.4111295,-4.5501757,Greece,34313,2004
Greece_34511_2004,5.3560104,-2.444446,Greece,34511,2004
Greece_34020_2007,4.0914736,3.187701,Greece,34020,2007
Greece_34210_2007,6.7160687,-0.6036429,Greece,34210,2007
Greece_34313_2007,6.3868847,-3.4177828,Greece,34313,2007
Greece_34511_2007,6.6877728,-1.0176388,Greece,34511,2007
Greece_34710_2007,7.1977015,-4.109392,Greece,34710,2007
Greece_34020_2009,4.449739,4.336927,Greece,34020,2009
Greece_34313_2009,7.910872,-2.8207314,Greece,34313,2009
Greece_34511_2009,6.879683,-1.3632945,Greece,34511,2009
Greece_34020_2012,6.168321,-0.8102852,Greece,34020,2012
Greece_34210_2012,6.2175565,-0.93052113,Greece,34210,2012
Greece_34213_2012,4.181186,2.2092633,Greece,34213,2012
Greece_34313_2012,6.6663394,-1.1621025,Greece,34313,2012
Greece_34511_2012,3.8935883,4.44645,Greece,34511,2012
Greece_34710_2012,3.8092842,0.80324626,Greece,34710,2012
Greece_34720_2012,3.8367372,5.353939,Greece,34720,2012
Greece_34730_2012,3.7591028,5.143387,Greece,34730,2012
Greece_34212_2012,7.789251,-3.5041893,Greece,34212,2012
Greece_34210_2015,5.7768316,0.71863145,Greece,34210,2015
Greece_34212_2015,6.6144166,-4.23543,Greece,34212,2015
Greece_34313_2015,8.692731,-3.354962,Greece,34313,2015
Greece_34340_2015,6.2432704,-1.2098662,Greece,34340,2015
Greece_34511_2015,7.1331654,-0.87190086,Greece,34511,2015
Greece_34720_2015,4.0800138,4.482595,Greece,34720,2015
Greece_34730_2015,4.7924695,5.98936,Greece,34730,2015
Greece_34214_2015,5.0423794,2.1589613,Greece,34214,2015
Greece_34410_2015,7.8847404,-2.5503297,Greece,34410,2015
Greece_34210_2019,4.972529,1.628657,Greece,34210,2019
Greece_34212_2019,5.9645057,1.2868191,Greece,34212,2019
Greece_34215_2019,6.326257,-0.08561308,Greece,34215,2019
Greece_34315_2019,5.9955096,1.4118713,Greece,34315,2019
Greece_34511_2019,5.6272187,0.9496667,Greece,34511,2019
Greece_34711_2019,7.5216446,-3.5816848,Greece,34711,2019
Greece_34720_2019,6.4649377,-0.25940624,Greece,34720,2019
Portugal_35211_1999,-11.643765,0.27754253,Portugal,35211,1999
Portugal_35220_1999,-28.396755,-22.053732,Portugal,35220,1999
Portugal_35313_1999,-16.429888,-2.677263,Portugal,35313,1999
Portugal_35220_2002,-18.102135,-4.19992,Portugal,35220,2002
Portugal_35110_2005,-0.6941028,4.4744067,Portugal,35110,2005
Portugal_35311_2005,-24.840656,-6.904737,Portugal,35311,2005
Portugal_35110_2011,-2.7507885,4.028053,Portugal,35110,2011
Portugal_35211_2011,-27.725252,-6.912313,Portugal,35211,2011
Portugal_35220_2011,-9.618959,2.5615633,Portugal,35220,2011
Portugal_35311_2011,-18.791683,-0.5800169,Portugal,35311,2011
Portugal_35313_2011,-32.71298,-6.6300364,Portugal,35313,2011
Portugal_35520_2011,-25.189955,-6.030658,Portugal,35520,2011
Portugal_35060_2015,-31.193745,-9.48497,Portugal,35060,2015
Portugal_35110_2015,-12.130518,1.4716594,Portugal,35110,2015
Portugal_35120_2015,-27.728762,-5.810122,Portugal,35120,2015
Portugal_35211_2015,-23.754396,-5.38149,Portugal,35211,2015
Portugal_35220_2015,-24.629358,-7.105753,Portugal,35220,2015
Portugal_35311_2015,-33.275043,-11.1648245,Portugal,35311,2015
Portugal_35110_2019,-10.054719,2.1279643,Portugal,35110,2019
Portugal_35120_2019,-32.04599,-17.513348,Portugal,35120,2019
Portugal_35130_2019,-30.601017,-6.723889,Portugal,35130,2019
Portugal_35211_2019,-32.34041,-18.10885,Portugal,35211,2019
Portugal_35220_2019,-28.09629,-6.5078063,Portugal,35220,2019
Portugal_35311_2019,-33.945694,-15.222986,Portugal,35311,2019
Portugal_35313_2019,-32.844856,-8.822885,Portugal,35313,2019
Portugal_35410_2019,-27.23345,-4.3796034,Portugal,35410,2019
Portugal_35520_2019,-30.930986,-9.900603,Portugal,35520,2019
Portugal_35720_2019,-20.741205,-1.1670051,Portugal,35720,2019
Germany_41113_1998,10.091529,15.764229,Germany,41113,1998
Germany_41221_1998,9.820197,13.946126,Germany,41221,1998
Germany_41320_1998,9.175644,12.755384,Germany,41320,1998
Germany_41420_1998,10.271537,12.5105915,Germany,41420,1998
Germany_41521_1998,9.245172,8.92082,Germany,41521,1998
Germany_41113_2002,10.378695,12.696353,Germany,41113,2002
Germany_41221_2002,11.178679,12.3730955,Germany,41221,2002
Germany_41320_2002,11.431982,10.514316,Germany,41320,2002
Germany_41420_2002,10.484434,12.806157,Germany,41420,2002
Germany_41521_2002,9.486346,12.151267,Germany,41521,2002
Germany_41113_2005,10.372675,14.784962,Germany,41113,2005
Germany_41222_2005,10.794095,11.25003,Germany,41222,2005
Germany_41320_2005,10.854427,10.433302,Germany,41320,2005
Germany_41420_2005,10.823092,10.032461,Germany,41420,2005
Germany_41521_2005,8.857344,8.229132,Germany,41521,2005
Germany_41113_2009,9.020266,16.873543,Germany,41113,2009
Germany_41223_2009,10.469074,15.066635,Germany,41223,2009
Germany_41320_2009,11.102909,13.709704,Germany,41320,2009
Germany_41420_2009,12.1958885,10.297313,Germany,41420,2009
Germany_41521_2009,11.120328,9.630325,Germany,41521,2009
Germany_41113_2013,6.737379,20.765211,Germany,41113,2013
Germany_41223_2013,7.8964424,18.51097,Germany,41223,2013
Germany_41320_2013,9.60029,16.278286,Germany,41320,2013
Germany_41420_2013,11.919202,11.259462,Germany,41420,2013
Germany_41521_2013,11.147239,12.273339,Germany,41521,2013
Germany_41952_2013,9.569705,15.949808,Germany,41952,2013
Germany_41953_2013,4.9406605,6.414737,Germany,41953,2013
Germany_41113_2017,9.349276,17.36992,Germany,41113,2017
Germany_41223_2017,6.145975,20.138754,Germany,41223,2017
Germany_41320_2017,9.988311,14.723069,Germany,41320,2017
Germany_41420_2017,10.45231,14.10193,Germany,41420,2017
Germany_41521_2017,10.621912,10.722975,Germany,41521,2017
Germany_41953_2017,9.5829525,9.445171,Germany,41953,2017
Germany_41113_2021,9.94194,17.839096,Germany,41113,2021
Germany_41223_2021,6.7649155,19.596254,Germany,41223,2021
Germany_41320_2021,11.718028,13.934793,Germany,41320,2021
Germany_41420_2021,11.785364,12.792154,Germany,41420,2021
Germany_41521_2021,11.163602,12.829162,Germany,41521,2021
Germany_41912_2021,11.090446,14.070992,Germany,41912,2021
Germany_41953_2021,10.886103,10.744009,Germany,41953,2021
Austria_42110_1999,11.236473,10.459425,Austria,42110,1999
Austria_42320_1999,11.04767,9.410445,Austria,42320,1999
Austria_42420_1999,8.436673,7.472315,Austria,42420,1999
Austria_42520_1999,11.329892,11.630926,Austria,42520,1999
Austria_42110_2002,9.529339,9.596938,Austria,42110,2002
Austria_42320_2002,10.700101,10.744972,Austria,42320,2002
Austria_42420_2002,10.934355,12.122359,Austria,42420,2002
Austria_42520_2002,11.855704,11.368979,Austria,42520,2002
Austria_42110_2006,10.761883,8.556263,Austria,42110,2006
Austria_42320_2006,10.844378,8.360254,Austria,42320,2006
Austria_42420_2006,7.4329343,6.7753735,Austria,42420,2006
Austria_42520_2006,9.720726,11.539719,Austria,42520,2006
Austria_42710_2006,9.547993,8.390691,Austria,42710,2006
Austria_42110_2008,9.332058,8.908117,Austria,42110,2008
Austria_42220_2008,6.864293,7.446232,Austria,42220,2008
Austria_42320_2008,11.090401,10.394363,Austria,42320,2008
Austria_42420_2008,9.768891,8.616043,Austria,42420,2008
Austria_42520_2008,10.863745,8.702128,Austria,42520,2008
Austria_42710_2008,10.004413,7.850405,Austria,42710,2008
Austria_42110_2013,11.940941,13.989371,Austria,42110,2013
Austria_42320_2013,11.652132,12.17182,Austria,42320,2013
Austria_42420_2013,6.5614977,7.0169215,Austria,42420,2013
Austria_42430_2013,11.351141,10.976764,Austria,42430,2013
Austria_42520_2013,11.37937,10.823885,Austria,42520,2013
Austria_42951_2013,11.751806,9.457483,Austria,42951,2013
Austria_42110_2017,11.84145,11.253519,Austria,42110,2017
Austria_42120_2017,4.999189,6.4809217,Austria,42120,2017
Austria_42320_2017,11.179318,15.01971,Austria,42320,2017
Austria_42420_2017,9.819675,9.276647,Austria,42420,2017
Austria_42430_2017,6.7544317,7.20815,Austria,42430,2017
Austria_42520_2017,12.549143,12.737582,Austria,42520,2017
Austria_42110_2019,11.379691,13.661193,Austria,42110,2019
Austria_42320_2019,11.700712,12.858826,Austria,42320,2019
Austria_42420_2019,7.6771507,6.688275,Austria,42420,2019
Austria_42430_2019,11.794833,10.517854,Austria,42430,2019
Austria_42520_2019,12.042593,9.584486,Austria,42520,2019
Switzerland_43110_1999,7.336986,7.4416237,Switzerland,43110,1999
Switzerland_43320_1999,10.3486,9.891331,Switzerland,43320,1999
Switzerland_43420_1999,6.5950503,6.948984,Switzerland,43420,1999
Switzerland_43530_1999,5.3924203,6.799126,Switzerland,43530,1999
Switzerland_43810_1999,9.957366,8.599558,Switzerland,43810,1999
Switzerland_43110_2003,6.6129074,7.1249905,Switzerland,43110,2003
Switzerland_43220_2003,7.089358,7.37612,Switzerland,43220,2003
Switzerland_43320_2003,10.657857,10.056316,Switzerland,43320,2003
Switzerland_43530_2003,6.091741,6.659844,Switzerland,43530,2003
Switzerland_43531_2003,5.0958924,6.7082477,Switzerland,43531,2003
Switzerland_43711_2003,5.1490993,6.3473268,Switzerland,43711,2003
Switzerland_43810_2003,8.239313,7.402271,Switzerland,43810,2003
Switzerland_43110_2007,11.857974,9.933667,Switzerland,43110,2007
Switzerland_43120_2007,5.0438175,6.125935,Switzerland,43120,2007
Switzerland_43220_2007,5.2460585,6.5381765,Switzerland,43220,2007
Switzerland_43320_2007,12.349176,11.129901,Switzerland,43320,2007
Switzerland_43420_2007,6.806873,6.6387997,Switzerland,43420,2007
Switzerland_43520_2007,7.6644387,6.506272,Switzerland,43520,2007
Switzerland_43530_2007,6.0743737,6.5380607,Switzerland,43530,2007
Switzerland_43540_2007,9.009743,7.0773935,Switzerland,43540,2007
Switzerland_43711_2007,5.338045,6.937029,Switzerland,43711,2007
Switzerland_43810_2007,11.23923,7.8588963,Switzerland,43810,2007
Switzerland_43901_2007,-3.8047774,7.056316,Switzerland,43901,2007
Switzerland_43110_2011,8.768523,8.271103,Switzerland,43110,2011
Switzerland_43120_2011,5.848036,6.5328307,Switzerland,43120,2011
Switzerland_43320_2011,6.6900926,7.087437,Switzerland,43320,2011
Switzerland_43420_2011,8.139837,7.391494,Switzerland,43420,2011
Switzerland_43520_2011,6.8976545,6.846938,Switzerland,43520,2011
Switzerland_43530_2011,5.431611,6.650115,Switzerland,43530,2011
Switzerland_43540_2011,10.490724,9.180169,Switzerland,43540,2011
Switzerland_43810_2011,5.3373404,7.024775,Switzerland,43810,2011
Switzerland_43811_2011,5.2632494,6.6207433,Switzerland,43811,2011
Switzerland_43902_2011,3.3223069,7.3023224,Switzerland,43902,2011
Switzerland_43110_2015,8.395906,8.021962,Switzerland,43110,2015
Switzerland_43120_2015,5.938031,6.2583647,Switzerland,43120,2015
Switzerland_43220_2015,7.3349733,7.034087,Switzerland,43220,2015
Switzerland_43320_2015,9.438168,7.8754673,Switzerland,43320,2015
Switzerland_43420_2015,5.062832,6.734098,Switzerland,43420,2015
Switzerland_43520_2015,9.615115,8.155462,Switzerland,43520,2015
Switzerland_43530_2015,8.099306,7.578999,Switzerland,43530,2015
Switzerland_43810_2015,8.260067,7.006825,Switzerland,43810,2015
Switzerland_43811_2015,9.231604,7.9174047,Switzerland,43811,2015
Switzerland_43902_2015,4.1206126,7.120465,Switzerland,43902,2015
Switzerland_43020_2019,-17.13844,14.1310215,Switzerland,43020,2019
Switzerland_43110_2019,10.4445095,9.287093,Switzerland,43110,2019
Switzerland_43120_2019,6.218712,6.470643,Switzerland,43120,2019
Switzerland_43220_2019,11.902597,10.26449,Switzerland,43220,2019
Switzerland_43320_2019,8.402264,7.181012,Switzerland,43320,2019
Switzerland_43420_2019,10.272156,8.865624,Switzerland,43420,2019
Switzerland_43520_2019,9.325879,7.9503636,Switzerland,43520,2019
Switzerland_43530_2019,6.4786577,6.761951,Switzerland,43530,2019
Switzerland_43711_2019,10.8942175,9.461283,Switzerland,43711,2019
Switzerland_43810_2019,10.365005,8.878516,Switzerland,43810,2019
Switzerland_43811_2019,12.399335,10.331413,Switzerland,43811,2019
Switzerland_43901_2019,3.9755154,6.2543883,Switzerland,43901,2019
United Kingdom_51421_1997,-5.6177025,-5.2818937,United Kingdom,51421,1997
United Kingdom_51902_1997,-5.525073,-5.165019,United Kingdom,51902,1997
United Kingdom_51320_2001,-9.500879,-9.558641,United Kingdom,51320,2001
United Kingdom_51902_2001,-6.1696043,-4.7885118,United Kingdom,51902,2001
United Kingdom_51110_2015,-10.962031,-14.831256,United Kingdom,51110,2015
United Kingdom_51210_2015,-0.6097501,0.4110776,United Kingdom,51210,2015
United Kingdom_51320_2015,-7.532034,-9.266311,United Kingdom,51320,2015
United Kingdom_51340_2015,-5.962828,-5.3330727,United Kingdom,51340,2015
United Kingdom_51421_2015,-10.14336,-11.008879,United Kingdom,51421,2015
United Kingdom_51620_2015,-5.310002,-7.6690993,United Kingdom,51620,2015
United Kingdom_51621_2015,-3.7954688,-5.140636,United Kingdom,51621,2015
United Kingdom_51901_2015,-8.01725,-10.25171,United Kingdom,51901,2015
United Kingdom_51902_2015,-7.312778,-6.7786055,United Kingdom,51902,2015
United Kingdom_51903_2015,-0.5435359,1.1704053,United Kingdom,51903,2015
United Kingdom_51951_2015,-10.994795,-11.243118,United Kingdom,51951,2015
United Kingdom_51110_2017,-1.650336,-0.45394585,United Kingdom,51110,2017
United Kingdom_51210_2017,-1.5725781,-0.06894686,United Kingdom,51210,2017
United Kingdom_51320_2017,-8.491296,-12.087797,United Kingdom,51320,2017
United Kingdom_51421_2017,-7.5856805,-9.660796,United Kingdom,51421,2017
United Kingdom_51620_2017,-10.2400055,-11.077069,United Kingdom,51620,2017
United Kingdom_51901_2017,-3.471714,-1.8945987,United Kingdom,51901,2017
United Kingdom_51902_2017,-9.252578,-7.8540897,United Kingdom,51902,2017
United Kingdom_51903_2017,-1.4821496,0.44995886,United Kingdom,51903,2017
United Kingdom_51951_2017,-6.947636,-10.153459,United Kingdom,51951,2017
United Kingdom_51110_2019,-7.4612107,-10.094791,United Kingdom,51110,2019
United Kingdom_51210_2019,3.8558238,5.3875804,United Kingdom,51210,2019
United Kingdom_51320_2019,-10.188182,-11.673405,United Kingdom,51320,2019
United Kingdom_51340_2019,-7.7176285,-6.2979956,United Kingdom,51340,2019
United Kingdom_51421_2019,-9.3948965,-11.158683,United Kingdom,51421,2019
United Kingdom_51430_2019,-2.5918398,-1.9561027,United Kingdom,51430,2019
United Kingdom_51620_2019,-6.5877805,-7.4718547,United Kingdom,51620,2019
United Kingdom_51901_2019,-9.266745,-8.665342,United Kingdom,51901,2019
United Kingdom_51902_2019,-8.687478,-7.5443454,United Kingdom,51902,2019
United Kingdom_51903_2019,-4.6825356,-2.1550639,United Kingdom,51903,2019
Ireland_53110_2007,-11.037028,-15.541503,Ireland,53110,2007
Ireland_53320_2007,-12.247323,-24.383509,Ireland,53320,2007
Ireland_53420_2007,-9.611935,-16.82981,Ireland,53420,2007
Ireland_53520_2007,-9.592922,-14.781612,Ireland,53520,2007
Ireland_53620_2007,-12.506948,-21.609186,Ireland,53620,2007
Ireland_53951_2007,-12.104313,-21.846125,Ireland,53951,2007
Ireland_53021_2011,1.5063992,2.30196,Ireland,53021,2011
Ireland_53110_2011,-6.350255,-9.2215605,Ireland,53110,2011
Ireland_53230_2011,3.9693453,5.486544,Ireland,53230,2011
Ireland_53320_2011,-13.02517,-20.795477,Ireland,53320,2011
Ireland_53520_2011,-11.276833,-18.689783,Ireland,53520,2011
Ireland_53620_2011,-0.094663605,-0.5331234,Ireland,53620,2011
Ireland_53951_2011,-7.4232564,-12.823742,Ireland,53951,2011
Ireland_53110_2016,-10.066932,-16.673672,Ireland,53110,2016
Ireland_53231_2016,-7.219973,-10.89301,Ireland,53231,2016
Ireland_53240_2016,-5.7598,-9.554164,Ireland,53240,2016
Ireland_53250_2016,-1.5821823,-1.9955121,Ireland,53250,2016
Ireland_53320_2016,-15.412023,-28.072126,Ireland,53320,2016
Ireland_53321_2016,-11.506289,-20.108374,Ireland,53321,2016
Ireland_53520_2016,-17.264805,-31.450943,Ireland,53520,2016
Ireland_53620_2016,-16.438515,-30.136759,Ireland,53620,2016
Ireland_53951_2016,-11.789397,-19.375122,Ireland,53951,2016
Ireland_53981_2016,2.4389563,3.3673646,Ireland,53981,2016
Ireland_53110_2020,-13.278988,-20.404501,Ireland,53110,2020
Ireland_53231_2020,-9.421451,-15.559367,Ireland,53231,2020
Ireland_53320_2020,-13.956501,-22.447655,Ireland,53320,2020
Ireland_53321_2020,-17.554745,-31.1096,Ireland,53321,2020
Ireland_53520_2020,-17.772612,-31.355555,Ireland,53520,2020
Ireland_53620_2020,-16.125078,-27.678131,Ireland,53620,2020
Ireland_53951_2020,-20.520111,-36.25772,Ireland,53951,2020
Ireland_53952_2020,-14.1310835,-22.252094,Ireland,53952,2020
