party,election,num_speeches,doc_id,country,wf_score,wf_se
11110,2006,34,1,Sweden,0.08558121903515711,0.19141052229628067
11110,2010,61,2,Sweden,0.5894170706891585,0.12924746260009345
11110,2014,70,3,Sweden,-0.14262569885504062,0.11047042783007709
11110,2018,150,4,Sweden,-0.2018673730810272,0.08041584825734102
11110,2022,44,5,Sweden,-1.1447676777940266,0.15515337769618778
11220,2006,21,6,Sweden,1.86597649705526,0.1947072634659226
11220,2010,31,7,Sweden,0.953659947576439,0.1880556976803295
11220,2014,29,8,Sweden,0.3757532075891445,0.17828108119597044
11220,2018,37,9,Sweden,1.4456844089553522,0.13769614486413434
11220,2022,25,10,Sweden,-0.1281139977383371,0.19654261491449102
11320,2006,20,11,Sweden,0.887435841753234,0.2133258349658385
11320,2010,2,12,Sweden,1.1013879821983212,0.4478622734697854
11320,2014,29,13,Sweden,-0.07803563449575014,0.1999258315261671
11320,2018,19,14,Sweden,0.24807488522428814,0.2040258596700957
11320,2022,21,15,Sweden,-0.06584813996837567,0.22045906598577836
11420,2006,27,16,Sweden,-0.2143543852104024,0.1790875637221504
11420,2010,76,17,Sweden,-0.44913059920227855,0.12712427808084517
11420,2014,37,18,Sweden,-0.32445034272311957,0.15391373480853335
11420,2018,47,19,Sweden,0.3192172013207743,0.15268156845827194
11420,2022,19,20,Sweden,-0.5412118171346687,0.20708888721962754
11520,2006,9,21,Sweden,0.9772388058715364,0.28829588108342113
11520,2010,22,22,Sweden,0.6499838244092417,0.19549996421142382
11520,2014,24,23,Sweden,-0.586770571709564,0.1952960937045668
11520,2022,1,24,Sweden,0.918160251142752,0.5478486818457509
11620,2006,58,25,Sweden,0.36497983301634507,0.12162792786506808
11620,2010,193,26,Sweden,-0.07495918796462027,0.08738593518593916
11620,2014,135,27,Sweden,0.191731420384854,0.07094461302136663
11620,2018,81,28,Sweden,-0.1672127595151884,0.11001644064725198
11620,2022,61,29,Sweden,-1.2320322775977415,0.12209416209330694
11710,2010,11,30,Sweden,-2.0278520710019636,0.30612165535640146
11710,2014,17,31,Sweden,-2.452342173915862,0.20378849037324248
11710,2018,19,32,Sweden,-2.09871802375089,0.19542931372723504
11710,2022,59,33,Sweden,-2.1862593194252375,0.11652013647596182
11810,2006,44,34,Sweden,0.34615974017000567,0.13796009602500645
11810,2010,174,35,Sweden,1.019854160296991,0.07015712834836783
11810,2014,115,36,Sweden,0.5335524222077981,0.07341733698689076
11810,2018,72,37,Sweden,0.6426110179721771,0.10867699433243484
11810,2022,33,38,Sweden,0.6000923142152622,0.16391794463323647
12110,2013,463,1,Norway,0.6145913359615607,0.018311866014333544
12110,2017,334,2,Norway,0.6860837742553088,0.012959410507699625
12221,2005,242,3,Norway,0.7827376714824325,0.0066606095549873465
12221,2009,423,4,Norway,0.7868340786488135,0.004784753502752547
12221,2013,179,5,Norway,0.7815299329827015,0.007711089180491657
12221,2017,143,6,Norway,0.7781765224471371,0.010116598938025514
12230,2017,135,7,Norway,0.6018603109064629,0.04137925468153901
12320,2005,82,8,Norway,0.2485093636451052,0.08271242228269139
12320,2009,187,9,Norway,0.5479670810117228,0.04334178827390294
12320,2013,136,10,Norway,0.5051243319087819,0.05058928095635845
12320,2017,183,11,Norway,0.6613313198763255,0.022968144980973784
12420,2005,422,12,Norway,-0.23129093704872217,0.04146786840240899
12420,2009,356,13,Norway,-0.06703361722020264,0.044946476499161336
12420,2013,261,14,Norway,0.377439927928444,0.039533875271202036
12420,2017,286,15,Norway,0.5552480082693357,0.030841022072290555
12520,2005,182,16,Norway,0.2700476979187642,0.05536705831313968
12520,2009,327,17,Norway,0.26242970268005944,0.04174119311663548
12520,2013,229,18,Norway,0.2682199941318432,0.04551067619119523
12520,2017,167,19,Norway,0.5484542542311263,0.041477036220511236
12620,2005,80,20,Norway,-1.2984255745880386,0.11748469996691425
12620,2009,128,21,Norway,0.2315854667949317,0.07109164765019428
12620,2013,46,22,Norway,0.33681794842077634,0.10533309744221939
12620,2017,110,23,Norway,0.43338453537164806,0.05784013398648327
12810,2005,378,24,Norway,-0.23602241995613096,0.04419338195105368
12810,2009,544,25,Norway,0.13183705077118404,0.032985510103831876
12810,2013,67,26,Norway,0.3036747730170288,0.09328299656058449
12810,2017,98,27,Norway,0.46278171327120526,0.06773425648593251
12951,2005,126,28,Norway,-2.3869125885735727,0.08541259278843744
12951,2009,60,29,Norway,-2.318726384101212,0.13594287588516518
12951,2013,83,30,Norway,-2.3983141677944375,0.10863657422842149
12951,2017,56,31,Norway,-2.2399411066503805,0.1354800620863797
13001,2007,6,1,Denmark,-6.676390212973396e-5,0.30379906697063797
13001,2019,11,2,Denmark,0.7010990931550418,0.18688194530437208
13110,2019,92,3,Denmark,-2.6808043202055782,0.07319826257197369
13229,1998,12,4,Denmark,-0.810907655945786,0.23023958313826612
13229,2005,30,5,Denmark,-0.5068946359235721,0.1746153195964338
13229,2007,32,6,Denmark,-0.6304392485131145,0.1410597200073323
13229,2011,21,7,Denmark,0.35465880116067244,0.16115110874332053
13229,2015,5,8,Denmark,-0.0786488169077281,0.33874725310462805
13229,2019,25,9,Denmark,0.34832478828562796,0.14214780229024598
13230,1998,66,10,Denmark,-0.48409404231120207,0.11353435517871142
13230,2005,109,11,Denmark,-0.35743262859958697,0.09228877938129931
13230,2007,11,12,Denmark,0.7775032676067686,0.276987894801227
13230,2011,38,13,Denmark,0.8536606500397379,0.10985493650346848
13230,2015,34,14,Denmark,1.9122303340521398,0.03062515398047294
13230,2019,82,15,Denmark,0.7947656715165087,0.07255905229011324
13320,1998,30,16,Denmark,-0.09559722949495472,0.15013836611000778
13320,2001,100,17,Denmark,-0.24114685630910684,0.0818062895459581
13320,2005,24,18,Denmark,1.3275110661519451,0.11602637476510545
13320,2007,9,19,Denmark,0.580370580105993,0.21677264856397166
13320,2011,12,20,Denmark,-0.19246875552965123,0.20917473624208024
13320,2015,28,21,Denmark,0.7852034117670824,0.13906261898714245
13320,2019,418,22,Denmark,1.1482539716097142,0.02881697526249368
13330,1998,21,23,Denmark,0.17317217633319465,0.17742715630016048
13410,1998,18,24,Denmark,-0.4411956832735461,0.20691539423896704
13410,2005,10,25,Denmark,-0.20620670255477158,0.29757885566702247
13410,2007,10,26,Denmark,-0.25336671910273184,0.25446178811421566
13410,2011,1,27,Denmark,0.6722941234241774,0.6196932030033164
13410,2015,3,28,Denmark,0.8075460785947481,0.34621310479134726
13410,2019,62,29,Denmark,1.2897362272048964,0.061140835346772004
13420,2005,32,30,Denmark,0.8405976593550254,0.1356262095523191
13420,2007,8,31,Denmark,-0.04609865082299171,0.31076935163299013
13420,2019,12,32,Denmark,0.765965815223978,0.19567879958979165
13520,1998,2,33,Denmark,0.28263961957479683,0.5195645339677977
13520,2005,2,34,Denmark,-0.32486918970313844,0.5126929949385501
13620,1998,23,35,Denmark,-1.0672649035508732,0.17260294924737696
13620,2005,3,36,Denmark,0.6463997879101842,0.35039235232150673
13620,2007,10,37,Denmark,0.924803581518474,0.19421337666403785
13620,2011,1,38,Denmark,0.40872658539588747,0.7141883070670281
13620,2019,95,39,Denmark,0.20686393998841118,0.071985698088164
13720,1998,2,40,Denmark,-0.6264523620185336,0.5462825416495326
13720,2005,5,41,Denmark,-1.739598111801729,0.3555751955813503
13720,2007,8,42,Denmark,-1.8045372737507943,0.30244026062891244
13720,2011,8,43,Denmark,-2.4891376807235024,0.29769952193689
13720,2019,7,44,Denmark,-2.178339351628561,0.224620571693782
13730,2019,25,45,Denmark,-0.2226048269684587,0.14897958001461836
13951,1998,2,46,Denmark,0.8758451795670377,0.49753500118511435
14110,2007,70,1,Finland,-0.25992502438451526,0.12275068313356009
14110,2011,89,2,Finland,0.20596541902584992,0.10050772797422192
14110,2015,64,3,Finland,0.9014470576920094,0.10051061093643769
14110,2019,68,4,Finland,1.6194826678738534,0.06489793648925317
14223,2007,22,5,Finland,-0.07171672357541785,0.19116752027744643
14223,2011,6,6,Finland,1.0523295404179296,0.3521989306111651
14223,2015,48,7,Finland,0.8644110665033394,0.11217682753252382
14223,2019,72,8,Finland,1.6081039724094877,0.0650271359001047
14320,2007,18,9,Finland,-1.1034967314178965,0.2339604855367286
14320,2011,4,10,Finland,-0.8397218699918054,0.3728977566612157
14320,2015,8,11,Finland,0.16385720712177362,0.3799371275239651
14320,2019,367,12,Finland,1.0754375928814537,0.035906290148306826
14440,2019,15,13,Finland,2.0654798080468826,0.09310865389011905
14520,2007,26,14,Finland,-0.9847165778897801,0.1746657556112364
14520,2011,21,15,Finland,-0.4197297815225853,0.18879949773110682
14520,2015,39,16,Finland,-0.48343209266016535,0.15090860619338617
14520,2019,56,17,Finland,0.43172103694388836,0.11108415129365168
14620,2007,12,18,Finland,-0.8922939783425404,0.2592891180180157
14620,2011,21,19,Finland,0.8159690757839438,0.16342699745541503
14620,2015,29,20,Finland,-0.21972228843867345,0.1811326483401644
14620,2019,27,21,Finland,0.36269222577759114,0.1616545483562513
14810,2007,35,22,Finland,-0.9817279615538191,0.1565124599026802
14810,2011,31,23,Finland,-0.42987878039451466,0.16907935155347842
14810,2015,12,24,Finland,-0.5775373767890584,0.26439609003117986
14810,2019,48,25,Finland,0.7738266928722355,0.11856216802240951
14820,2007,17,26,Finland,-0.6274249047822291,0.21906670606285653
14820,2011,15,27,Finland,-2.5142247851684214,0.26506366589441416
14820,2015,14,28,Finland,-1.0580480094341231,0.29541867344590805
14820,2019,137,29,Finland,1.001666466593749,0.0615321207103078
14901,2007,8,30,Finland,-0.39713690890795866,0.32351161216519514
14901,2011,7,31,Finland,-1.3387657427150648,0.3866926220369639
14901,2015,26,32,Finland,-0.3847371029345131,0.17925914942561996
14901,2019,29,33,Finland,0.6418468109590968,0.14738766179146223
21111,2007,206,1,Belgium,0.8404804604901727,0.04241365477610167
21111,2010,102,2,Belgium,1.4595397036272466,0.043037455023775005
21111,2019,427,3,Belgium,1.128894214807553,0.033353248430147926
21112,2007,326,4,Belgium,-1.1373789297347667,0.029188243306997735
21112,2010,79,5,Belgium,-0.9202591987362887,0.06240242127625635
21112,2014,930,6,Belgium,-1.4653575654109479,0.010580181279007873
21112,2019,242,7,Belgium,-1.012215705331245,0.03757094229617761
21221,2007,2,8,Belgium,0.6327892000621506,0.4726107370796041
21230,2014,112,9,Belgium,-0.9966450195991309,0.05529554105068114
21230,2019,367,10,Belgium,-0.8436092318167732,0.032702582678313163
21321,2007,3,11,Belgium,-0.473359619461472,0.44687935079853436
21321,2010,18,12,Belgium,-0.3709172506165255,0.1787882036882949
21321,2014,198,13,Belgium,-0.9443517859893236,0.039333407822553276
21321,2019,150,14,Belgium,-1.1158123006145857,0.039818884825294866
21322,2007,122,15,Belgium,1.4857876863160446,0.04082878390618593
21322,2010,49,16,Belgium,1.6055717228893334,0.06214935217514958
21322,2014,186,17,Belgium,1.7616760390436634,0.02399877888896019
21322,2019,203,18,Belgium,1.2918684546568038,0.037682283734692804
21330,2007,18,19,Belgium,-0.24569889342675777,0.1615646922919194
21421,2007,15,20,Belgium,-0.2550875945281632,0.1557036604278012
21421,2010,15,21,Belgium,-0.058355749475306626,0.18808561183791236
21421,2014,10,22,Belgium,-0.24994308046686808,0.21459353809188272
21421,2019,48,23,Belgium,-0.832191349640526,0.080850743217704
21426,2007,162,24,Belgium,1.1675641448938523,0.04660679539727279
21426,2010,139,25,Belgium,1.0780360673601073,0.053091999277319384
21426,2014,265,26,Belgium,1.2084716953036718,0.033179162443729864
21426,2019,311,27,Belgium,1.1613340269779961,0.03052081479080228
21430,2007,50,28,Belgium,-0.6053162923323984,0.09643463101603489
21521,2007,35,29,Belgium,-1.174525265320047,0.07449262169358387
21521,2010,14,30,Belgium,-0.46820464775139586,0.174145629370366
21521,2014,238,31,Belgium,-0.8189667099957899,0.03974766106087067
21521,2019,269,32,Belgium,-0.9543940267758811,0.03351113145583591
21522,2007,159,33,Belgium,1.2669028232333779,0.041776479080425116
21522,2010,109,34,Belgium,1.317913575845182,0.05051279503032184
21522,2014,240,35,Belgium,1.290651852197056,0.03408469464676631
21522,2019,28,36,Belgium,0.8431026168594217,0.12520939650979468
21710,2014,19,37,Belgium,0.21518092463539942,0.15952379325031044
21912,2014,14,38,Belgium,0.7707937800631245,0.18302964645243766
21912,2019,48,39,Belgium,0.6844422479455505,0.099101841396978
21916,2007,57,40,Belgium,-0.7668365067730518,0.08236238260618112
21916,2010,4,41,Belgium,-0.12171288581198453,0.36297402650562655
21916,2014,67,42,Belgium,-0.7776447861348558,0.07299498740023924
21916,2019,118,43,Belgium,-1.1234653582769463,0.04239432054536178
21917,2007,32,44,Belgium,-0.8158715549149387,0.12238934616231456
21917,2010,3,45,Belgium,-0.5848555901669407,0.3216365066749453
21917,2014,10,46,Belgium,-0.7342020762362034,0.20522986147810116
21917,2019,62,47,Belgium,-1.343822261868592,0.05071368467628132
22110,2006,106,1,Netherlands,0.4129451943167337,0.08145512917103583
22110,2010,114,2,Netherlands,0.9133016753397897,0.06981356805518256
22110,2012,156,3,Netherlands,0.9744784562772983,0.059538495454123916
22110,2017,86,4,Netherlands,0.04959854124202433,0.08509623867531203
22110,2021,183,5,Netherlands,0.4135024535010159,0.056097802173388826
22210,1946,1,6,Netherlands,-0.9500900088712705,0.6803300217880964
22210,1982,26,7,Netherlands,-1.3005726483165954,0.10352881825792037
22220,1994,44,8,Netherlands,-0.7154644115290961,0.11337477377480047
22220,2006,90,9,Netherlands,0.5086879713777861,0.08283043624382695
22220,2010,40,10,Netherlands,1.0073602165212039,0.1358828225827018
22220,2012,122,11,Netherlands,0.21300606299134459,0.07091427141602288
22220,2017,62,12,Netherlands,-0.09394204831350056,0.08984869015849814
22220,2021,35,13,Netherlands,0.005941984941045212,0.1527798789540269
22230,1986,187,14,Netherlands,-0.9242874886028432,0.05113185747170066
22235,2021,56,15,Netherlands,0.018423960135842746,0.10217500587964368
22240,2021,109,16,Netherlands,1.4196956648780734,0.07314524174672742
22320,2006,62,17,Netherlands,0.16634135619800272,0.09510667422419455
22320,2010,33,18,Netherlands,0.06240546896106867,0.13497701074079005
22320,2012,81,19,Netherlands,0.7032348297720679,0.09135676747032834
22320,2017,171,20,Netherlands,-0.42311038183936006,0.05451360028522229
22320,2021,131,21,Netherlands,0.10473938404638643,0.07295923839501371
22321,2017,13,22,Netherlands,-1.7775299119541195,0.08249499267772413
22321,2021,16,23,Netherlands,-1.7615308731563002,0.08592776888050739
22330,2006,84,24,Netherlands,0.19987494847364215,0.08026686500445163
22330,2010,127,25,Netherlands,-0.03015773617004025,0.06369887319260069
22330,2012,73,26,Netherlands,-0.3777452412654547,0.09502285372668823
22330,2017,206,27,Netherlands,-0.04355528722314443,0.05018040166262254
22330,2021,291,28,Netherlands,0.35817989407405953,0.04572304725993689
22420,2006,15,29,Netherlands,-0.038898340607797864,0.22927627991143942
22420,2010,30,30,Netherlands,-1.3537319910008736,0.10696738154978613
22420,2012,16,31,Netherlands,-0.49004555561272567,0.18161508052834965
22420,2017,127,32,Netherlands,-0.09109800416120573,0.06942653506536992
22420,2021,107,33,Netherlands,0.023980581469283276,0.07332306066795914
22521,2006,50,34,Netherlands,-0.8629208494660462,0.08521203483660417
22521,2010,72,35,Netherlands,-0.3990107588688955,0.08190217983653678
22521,2012,19,36,Netherlands,0.09558176575535518,0.16363334600083396
22521,2017,10,37,Netherlands,-1.0497482111920966,0.1886155387056675
22521,2021,41,38,Netherlands,-0.5987302960227072,0.10666230064838267
22526,2006,160,39,Netherlands,-0.29303152848226405,0.057909187176183194
22526,2010,157,40,Netherlands,-0.2599622929259898,0.05628826724434574
22526,2012,152,41,Netherlands,-0.4354112725267897,0.05565403099098561
22526,2017,134,42,Netherlands,-0.8662208551081648,0.06066348578131908
22526,2021,224,43,Netherlands,0.10259414869718468,0.05252184533043503
22527,1982,38,44,Netherlands,-1.1478642716955394,0.09662731474141484
22527,1989,102,45,Netherlands,-0.7989419391311497,0.0689030544349679
22527,1994,120,46,Netherlands,-1.149276222291454,0.053033692635398914
22527,1998,123,47,Netherlands,-0.756076975923649,0.06231437699435739
22528,1981,44,48,Netherlands,-1.3572554403538148,0.07590249995084458
22528,1982,44,49,Netherlands,-1.3668627561540612,0.074620786044833
22528,1989,338,50,Netherlands,-0.74520247456254,0.03779991282337658
22528,1994,309,51,Netherlands,-0.6362921222088349,0.03898484890020319
22528,1998,123,52,Netherlands,-0.8705141982319896,0.060210287072189464
22710,1982,32,53,Netherlands,0.04359110754506702,0.12233448233554345
22711,1989,22,54,Netherlands,1.079924947679409,0.17596707877633805
22711,1994,28,55,Netherlands,0.9564890734885265,0.15828731107739552
22722,2006,4,56,Netherlands,1.7110147636266382,0.44765562442465234
22722,2010,28,57,Netherlands,1.8072914789870986,0.1692652563718978
22722,2012,19,58,Netherlands,1.4063846723160673,0.21402307284205918
22722,2021,20,59,Netherlands,1.1604453431243476,0.21552817716975553
22730,2017,6,60,Netherlands,1.1079242581257123,0.35431253815990255
22730,2021,27,61,Netherlands,1.0264066350448975,0.163808820517672
22731,2021,64,62,Netherlands,0.23088942060351764,0.09579341736394978
22820,2021,84,63,Netherlands,1.359097402977438,0.08072450875718364
22951,2006,539,64,Netherlands,2.7251887785781403,0.026415949288620094
22951,2010,841,65,Netherlands,2.646857169837629,0.021839871081690016
22951,2012,500,66,Netherlands,2.3984963453920436,0.031196464459587656
22951,2017,350,67,Netherlands,2.1380055747274263,0.038235503653382026
22951,2021,953,68,Netherlands,1.9478868375780078,0.023015899805472844
22952,1948,1,69,Netherlands,-0.5850353546101911,0.705721782016642
22952,1982,19,70,Netherlands,-1.4698035117499388,0.10991783783147382
22952,1986,44,71,Netherlands,-0.4108109611221811,0.11519216056490329
22952,1989,215,72,Netherlands,-0.6334312287208872,0.04861094675689599
22952,1994,75,73,Netherlands,-0.8853826601630367,0.08040164085071871
22952,1998,107,74,Netherlands,-0.32181012413389853,0.07336907015573164
22952,2002,156,75,Netherlands,-0.04386421670985861,0.058200817433446794
22952,2006,28,76,Netherlands,0.5967586494887256,0.14739498013069072
22952,2010,49,77,Netherlands,-0.12386634882195621,0.11983826523994032
22952,2012,48,78,Netherlands,0.029940223161199223,0.11371131899186825
22952,2017,131,79,Netherlands,-0.07050987160505597,0.07393906120129565
22952,2021,16,80,Netherlands,-1.2065280174172277,0.16294931486389613
22953,2012,6,81,Netherlands,0.29031416767537893,0.38986271420106355
22953,2017,22,82,Netherlands,-0.23222071756176754,0.2133648479992427
22953,2021,6,83,Netherlands,-0.9030143636494865,0.24019915209431214
22954,1994,46,84,Netherlands,-0.526656414071519,0.10243594260150476
22955,1994,6,85,Netherlands,-1.0387652248191603,0.2121247216467348
31021,2012,17,1,France,0.06875588662816079,0.2064223656592708
31110,2012,159,2,France,0.4478382027827583,0.07440157987064379
31110,2017,33,3,France,-2.724345631506163,0.12406542339475965
31230,2012,9,4,France,0.3042736421316117,0.2728517204643417
31230,2017,16,5,France,0.6446531369162267,0.20788568567376775
31240,2017,92,6,France,-0.7631251098282921,0.1273897274772121
31320,2012,7,7,France,1.1358019622146722,0.16335028713267843
31320,2017,3,8,France,-1.1662261527271314,0.6602838829817799
31421,2012,11,9,France,0.6443470637347841,0.22639312899979813
31425,2017,11,10,France,-0.9448577941263119,0.3944409435335035
31430,2017,11,11,France,-0.5202418322270634,0.27768315295273965
31624,2012,26,12,France,1.0342851951476684,0.11237663585515503
31624,2017,15,13,France,1.1925676161471492,0.12775367845495572
31626,2012,4,14,France,0.3273940362966566,0.46392054389519016
31626,2017,11,15,France,-0.4810098718337681,0.2735551879869041
31630,2012,28,16,France,1.0857728138567182,0.12156220517066223
31631,2012,3,17,France,0.39780638989129374,0.4196356795847325
31720,2012,11,18,France,0.22913024316587752,0.2829783516118934
31720,2017,5,19,France,-0.9128197966648476,0.42889180617139283
32021,2013,29,1,Italy,-0.26480476083377974,0.08486420799637583
32022,2018,75,2,Italy,0.1751141758798103,0.05227326939042356
32031,2018,32,3,Italy,-0.8063838157157086,0.08023725575608964
32051,2018,17,4,Italy,-0.19210727846936201,0.11258922709652287
32055,2018,4,5,Italy,-0.9474491447179028,0.19555126299933442
32061,2008,8,6,Italy,1.7406372500443639,0.16412158233492535
32061,2013,13,7,Italy,-2.07351230030015,0.12730423755230258
32212,2001,163,8,Italy,0.01835451593597433,0.031054325616780655
32230,2013,83,9,Italy,-0.35726024012304053,0.04206591776332097
32440,2008,8,10,Italy,0.6588002025192531,0.15826763031350397
32440,2018,41,11,Italy,0.42134898450786795,0.06656552144380634
32450,2013,3,12,Italy,-0.9216385390602937,0.15913063102054872
32451,2018,23,13,Italy,-0.09357449971724552,0.07398982028498141
32460,2013,14,14,Italy,0.2020056240589502,0.09225466909678942
32530,2013,7,15,Italy,-0.5145258554304359,0.2047514495019656
32610,2018,3,16,Italy,-0.2338388127027152,0.28925170720553506
32629,2001,20,17,Italy,-0.40209023958683426,0.10719134092388762
32630,2013,35,18,Italy,0.18928111079386312,0.06618955680369513
32630,2018,12,19,Italy,-0.09205371605327836,0.1379211555660839
32640,2013,1,20,Italy,1.2940282919423636,0.37333565550961473
32720,2013,13,21,Italy,-2.123293372100518,0.1270222457262895
32720,2018,139,22,Italy,0.6281537159537156,0.02972629010106143
32901,2001,5,23,Italy,-0.07711224474211456,0.20031536134457384
32902,2001,118,24,Italy,0.8698336972713593,0.03174825895310334
32904,2013,32,25,Italy,0.052141911571533126,0.07919727611794104
32906,2013,1,26,Italy,-0.700912443535948,0.54221080947585
32956,2013,40,27,Italy,0.8581197968944936,0.06073673676837958
32956,2018,1488,28,Italy,2.69273798571578,0.005353592155870449
34020,2004,7,1,Greece,0.2492803188581615,0.2697582855053835
34020,2007,1,2,Greece,0.27238862675359937,0.8026923549848355
34020,2009,2,3,Greece,0.29659060552930544,0.6902686357422213
34020,2012,6,4,Greece,0.22755288729411355,0.25727511827222704
34210,2007,1,6,Greece,0.4198514685189071,0.5092019897346394
34210,2019,1,7,Greece,0.21677073359060817,0.8060477225478409
34211,1996,5,8,Greece,0.643717008292784,0.21210933538669935
34212,2012,106,9,Greece,-0.5639945002294593,0.05246246237481115
34212,2015,64,10,Greece,0.7903573756764527,0.06927308075257003
34212,2019,6,11,Greece,0.33033868737934285,0.3074750252894534
34213,2012,166,12,Greece,-3.2281548008680927,0.03942629082242984
34214,2015,1,13,Greece,-0.052069824123286694,0.7131238520650627
34215,2019,39,14,Greece,-1.707715018497207,0.1182781410622845
34313,2004,222,15,Greece,1.3393058186679396,0.02029160490345019
34313,2007,145,16,Greece,0.5251387842513371,0.04563394139150422
34313,2009,125,17,Greece,0.5780992262502613,0.05136655444353188
34313,2015,54,18,Greece,-0.009803836680260185,0.07845063333303313
34315,2019,3,19,Greece,-0.041898843046919376,0.3159533253847957
34340,2015,40,20,Greece,-0.8189774632399796,0.09454021605840146
34410,2015,23,21,Greece,-1.1861252716122437,0.16847509306843705
34511,2004,195,22,Greece,0.7548397926179781,0.03679977191591465
34511,2007,59,23,Greece,1.5132252045235028,0.0470946218665306
34511,2009,119,24,Greece,1.8885450482154624,0.026732391792918718
34511,2015,3,25,Greece,0.2015071495690854,0.28269241808216083
34511,2019,4,26,Greece,-0.9487231488302673,0.3199740368736576
34710,2007,49,27,Greece,0.056399692921739554,0.06917965634574005
34710,2012,27,28,Greece,0.419705535071434,0.13527691187945098
34711,2019,32,29,Greece,-0.48935248970579737,0.10726110494137726
34720,2015,3,30,Greece,-0.9376359934395018,0.35770666891152264
34720,2019,7,31,Greece,-0.7391627737090007,0.3058850847696288
35060,2015,128,1,Portugal,-0.9336093983507845,0.06961001955650685
35110,2005,65,2,Portugal,-0.49433614382729013,0.11831602841854277
35110,2011,15,3,Portugal,-0.5298733241437379,0.23388278345489893
35110,2015,47,4,Portugal,1.043313152566122,0.1038527043416484
35110,2019,50,5,Portugal,0.755548570755013,0.12046574413988068
35120,2015,492,6,Portugal,2.075397436362389,0.024848753723764452
35120,2019,411,7,Portugal,1.8022379836289444,0.028091871002113203
35130,2019,169,8,Portugal,1.0791698621096564,0.050529282239053994
35211,1999,21,9,Portugal,0.05689451327295386,0.27493386126035707
35211,2011,49,10,Portugal,-2.3595021615997833,0.10699597317646027
35211,2015,93,11,Portugal,0.7671166559944141,0.09028430697741568
35211,2019,75,12,Portugal,1.4285714186999745,0.07774801604421996
35220,1999,113,13,Portugal,-0.27028951772751314,0.0860991576155111
35220,2002,146,14,Portugal,-0.5564927721156444,0.08854131212296992
35220,2015,30,15,Portugal,-0.12390630631087901,0.16461839255593808
35220,2019,18,16,Portugal,-0.37523886142133084,0.21587492742372058
35311,2005,155,17,Portugal,-0.9172242705233933,0.08498813207575949
35311,2011,35,18,Portugal,-1.075278162692046,0.1411380955015747
35311,2015,194,19,Portugal,-1.0720907682291891,0.05846908629064955
35311,2019,138,20,Portugal,0.09923641564081118,0.06431929957954435
35313,1999,29,21,Portugal,-0.3042363362398485,0.18371953208196712
35313,2011,68,22,Portugal,-0.9646624444219288,0.10512419315431128
35313,2019,92,23,Portugal,0.02813627765918913,0.08048657098556622
35410,2019,32,24,Portugal,0.41865462394430086,0.1278670841803823
35520,2011,8,25,Portugal,-0.6821318790012155,0.3886780985818054
35520,2019,88,26,Portugal,0.38805056536372506,0.08558906631878051
35720,2019,24,27,Portugal,0.7165448706070913,0.16746572700426168
41113,1998,104,1,Germany,-1.0364708558978117,0.09257557444498837
41113,2002,145,2,Germany,-0.415496374499222,0.08466095716427838
41113,2005,170,3,Germany,-0.28668546414975465,0.07845878964191243
41113,2009,383,4,Germany,-0.9852100229012098,0.05164804948796801
41113,2013,571,5,Germany,-0.8315011025517516,0.0403076035860758
41113,2017,345,6,Germany,-1.6982263511849733,0.04697760941146331
41113,2021,315,7,Germany,-1.2227569840234995,0.04929538638508225
41221,1998,20,8,Germany,-0.8502112736736523,0.188394793688796
41221,2002,13,9,Germany,-0.13324319249546027,0.27753860973279554
41222,2005,37,10,Germany,-0.3854302504281213,0.17344394526294948
41223,2009,92,11,Germany,-0.5572689415358921,0.11561726703602125
41223,2013,125,12,Germany,-0.9128315042757081,0.0752908824253377
41223,2017,129,13,Germany,-1.4128315765515218,0.08174034185452451
41223,2021,229,14,Germany,-1.8252481412886055,0.06243863406387005
41320,1998,30,15,Germany,0.23979541970422402,0.21235366307248033
41320,2002,26,16,Germany,0.8800778898213876,0.2531204390635965
41320,2005,38,17,Germany,0.7007825259259902,0.17444005551583372
41320,2009,116,18,Germany,0.1808807288892985,0.10518099136819811
41320,2013,126,19,Germany,-0.17372123886876112,0.08913618206889629
41320,2017,78,20,Germany,-0.7066307126871123,0.12127661348333035
41320,2021,58,21,Germany,-0.5113479109248437,0.15008831475906
41420,1998,71,22,Germany,0.7093375685436168,0.12285643754103845
41420,2002,37,23,Germany,2.2559889955001964,0.15279061919511436
41420,2005,37,24,Germany,1.616944978861317,0.14844599415082138
41420,2009,113,25,Germany,1.583466062948243,0.08917589690173136
41420,2013,96,26,Germany,1.3923442076907493,0.09867091795428619
41420,2017,36,27,Germany,1.1329594080483318,0.18090704697573406
41420,2021,97,28,Germany,1.0782437452840261,0.1040750740823454
41521,1998,13,29,Germany,0.7981007732144204,0.2962846827962646
41521,2002,45,30,Germany,1.0842237609024004,0.14932216913328342
41521,2005,23,31,Germany,1.051334057160765,0.2234840476878039
41521,2009,117,32,Germany,0.9766429395794969,0.10171714778300496
41521,2013,125,33,Germany,0.10631197187597134,0.09699724252985753
41521,2017,46,34,Germany,0.20354749441734396,0.16342383591197668
41521,2021,118,35,Germany,0.3015430816317318,0.0977974737860935
41912,2021,121,36,Germany,-0.827453660047674,0.09239416735812488
41952,2013,104,37,Germany,0.03880757171921469,0.10132559201173728
41953,2017,15,38,Germany,-0.5485098353404926,0.25859195380529426
41953,2021,39,39,Germany,-1.010257788392658,0.1610180309714697
42110,1999,86,1,Austria,-0.1529796757419495,0.11157348579955767
42110,2002,55,2,Austria,-0.09279889819418993,0.13846187191539913
42110,2006,62,3,Austria,-0.2833935840645751,0.12538563428819074
42110,2008,85,4,Austria,0.34024537680616623,0.12640891939897322
42110,2013,222,5,Austria,0.7835616766113539,0.04861713284926114
42110,2017,137,6,Austria,1.1369605248514207,0.05655148534526602
42110,2019,269,7,Austria,1.37880795838898,0.040151454066987446
42120,2017,1,8,Austria,0.14660571476959522,0.8535499753937486
42320,1999,32,9,Austria,-0.11085377091057695,0.16575096533149272
42320,2002,49,10,Austria,-0.8592778213917432,0.15056841000966703
42320,2006,29,11,Austria,-1.1439240396668737,0.1870438572738484
42320,2008,50,12,Austria,0.21926955339266221,0.13469936059850002
42320,2013,12,13,Austria,0.33180969206558886,0.2080448880638966
42320,2017,49,14,Austria,1.1116482067344384,0.1216915154167621
42320,2019,86,15,Austria,1.8909132467192789,0.07889286040575352
42420,1999,50,16,Austria,0.4132914624401837,0.11601139313339638
42420,2002,84,17,Austria,-1.2972369324337831,0.11125664835456739
42420,2006,49,18,Austria,-0.8451699573689269,0.13892183678050554
42420,2008,20,19,Austria,-1.6557939691819414,0.2676031949490728
42420,2017,27,20,Austria,0.5915342647131219,0.1558848969623525
42420,2019,24,21,Austria,0.5940625449874618,0.19859112751368443
42430,2013,64,22,Austria,0.9071641639852966,0.09663156161438628
42430,2019,37,23,Austria,1.1925651707503682,0.11693035247236375
42520,1999,44,24,Austria,-1.2535805661315036,0.15280760511516814
42520,2002,76,25,Austria,-1.3686848972512746,0.09852606040386076
42520,2006,115,26,Austria,-1.644240629605247,0.08775202167546084
42520,2008,3,27,Austria,0.48377638157269226,0.5526501209452518
42520,2013,40,28,Austria,-0.7503456125887366,0.13055408621397074
42520,2017,58,29,Austria,0.712167732914237,0.10154777289981196
42520,2019,21,30,Austria,1.2979433989579172,0.15033143166226914
42710,2006,18,31,Austria,-1.8443703560195388,0.2198822177077165
42710,2008,14,32,Austria,-0.3282706588816198,0.23993771897765045
42951,2013,43,33,Austria,0.09859429877171609,0.1297061281891561
43020,2019,27,1,Switzerland,-0.5932290071926326,0.1755653570109675
43110,1999,42,2,Switzerland,1.0034281134083944,0.0908892154859863
43110,2003,58,3,Switzerland,1.0040614962361656,0.098913555363851
43110,2007,237,4,Switzerland,1.069578234257779,0.0340572490927965
43110,2011,153,5,Switzerland,1.1892350443589368,0.035638899291460475
43110,2015,92,6,Switzerland,0.9470856135280863,0.06030552730192806
43110,2019,95,7,Switzerland,0.9192989465916244,0.0551356617967036
43120,2007,49,8,Switzerland,0.6118417644675085,0.09511351015550493
43120,2011,15,9,Switzerland,0.4307894183496671,0.17896151506715496
43120,2015,49,10,Switzerland,0.782312754873822,0.0767604170587014
43120,2019,15,11,Switzerland,-0.15157784653692005,0.2343580244110257
43220,2003,26,12,Switzerland,-0.2668407776832107,0.24122296334528653
43220,2007,7,13,Switzerland,-1.1296789485754208,0.3526539105555509
43220,2015,21,14,Switzerland,-0.7545599690344765,0.24000817949025202
43220,2019,33,15,Switzerland,-2.0578498236854816,0.19383521338149343
43320,1999,6,16,Switzerland,0.3344692638828623,0.3555400672264305
43320,2003,73,17,Switzerland,1.015863992088639,0.07646298166591571
43320,2007,154,18,Switzerland,0.844104883972827,0.04610534977585668
43320,2011,4,19,Switzerland,0.4943342593564107,0.33846818813682694
43320,2015,6,20,Switzerland,0.8392663845822328,0.19948294960675161
43320,2019,23,21,Switzerland,-0.8242117229069086,0.20397611835617274
43420,1999,4,22,Switzerland,-0.28722683297681056,0.4475328850074477
43420,2007,1,23,Switzerland,-0.143920884168426,0.7190851428390754
43420,2011,5,24,Switzerland,0.4734066381155877,0.26385752748389196
43420,2015,5,25,Switzerland,-0.46089237668881367,0.4242080158670158
43420,2019,33,26,Switzerland,-0.21881607705596626,0.14817756888313993
43520,2007,33,27,Switzerland,0.5311312138604001,0.12614075941494318
43520,2011,26,28,Switzerland,0.7926255910921731,0.10705936342595335
43520,2015,12,29,Switzerland,0.002635322045673756,0.21103838690512822
43520,2019,26,30,Switzerland,-2.1684496854416793,0.22499020456365082
43530,1999,8,31,Switzerland,-0.07792193418737203,0.293100991280621
43530,2003,11,32,Switzerland,0.5351259022286087,0.2543944542353145
43530,2007,28,33,Switzerland,0.5014842183126196,0.12475499994584678
43530,2011,2,34,Switzerland,-0.15910829489347375,0.5184564096717948
43530,2015,54,35,Switzerland,0.18903430299996246,0.11848587468894727
43530,2019,20,36,Switzerland,-0.8863775459399446,0.19359717282051883
43540,2007,14,37,Switzerland,0.7467589569634658,0.14675195272853184
43540,2011,42,38,Switzerland,1.3916006905856435,0.05260604915481205
43711,2003,2,39,Switzerland,0.05996404185487286,0.4997081206915875
43711,2007,5,40,Switzerland,0.7984986839321764,0.3055006624151553
43711,2019,15,41,Switzerland,0.4073265579369149,0.16306327016512923
43810,1999,15,42,Switzerland,-0.18849413374098134,0.20240601622574758
43810,2003,6,43,Switzerland,0.07389313839349075,0.34161369973059613
43810,2007,19,44,Switzerland,0.5079326181550503,0.15122919261535506
43810,2015,18,45,Switzerland,-0.6898179435391171,0.23200797208933369
43810,2019,24,46,Switzerland,-0.9787070652240821,0.21663515936243954
43811,2011,11,47,Switzerland,0.11603550630780268,0.25319723198505645
43811,2015,10,48,Switzerland,-3.0326298533561347,0.2684251687245414
43811,2019,30,49,Switzerland,-3.0735210686159373,0.14826437456021482
43902,2011,1,50,Switzerland,-0.46929176129560884,0.6896462152656101
51110,2015,441,1,United Kingdom,-1.1067903727272523,0.013727425971729622
51110,2017,26,2,United Kingdom,-0.9507083072998863,0.05866298965871811
51110,2019,255,3,United Kingdom,-1.0120042098335744,0.018850730583598947
51210,2015,2,4,United Kingdom,-0.3246125181547456,0.3873923556712378
51210,2019,1,5,United Kingdom,0.2399258654438483,0.6275036210766547
51320,2001,59,6,United Kingdom,-0.3837594316146639,0.0548824035149401
51320,2015,43,7,United Kingdom,-0.3524599872867703,0.07485788128504221
51320,2017,60,8,United Kingdom,-0.6325433975277035,0.05541464545870685
51320,2019,107,9,United Kingdom,-0.610382684309672,0.0447017515944212
51340,2015,23,10,United Kingdom,0.19013324137607063,0.14496820476261832
51340,2019,20,11,United Kingdom,1.021296315872167,0.15583218846885671
51421,1997,70,12,United Kingdom,-0.6514246183287362,0.04732846874714004
51421,2015,189,13,United Kingdom,-0.8020851464154956,0.024321578937837287
51421,2017,80,14,United Kingdom,-0.8518903402598911,0.03775758583169243
51421,2019,151,15,United Kingdom,-0.7081660692115684,0.029804060159602647
51430,2019,56,16,United Kingdom,-0.5133281632602597,0.06488458463646381
51620,2015,65,17,United Kingdom,-0.8822220929059239,0.04017925463110491
51620,2017,30,18,United Kingdom,-0.47780415788033737,0.07964377609581696
51620,2019,78,19,United Kingdom,-0.5125004790673238,0.05981158441148821
51621,2015,36,20,United Kingdom,-0.2808646632273482,0.08803698700210506
51901,2015,49,21,United Kingdom,0.06707253103308317,0.08126116613281249
51901,2017,23,22,United Kingdom,0.5252222228188703,0.1406322433442479
51901,2019,87,23,United Kingdom,-0.504818544412651,0.04941291046827994
51902,1997,23,24,United Kingdom,2.1987010143631665,0.08149889719830722
51902,2001,28,25,United Kingdom,1.7797436112492586,0.1306653635117125
51902,2015,32,26,United Kingdom,1.9927361811286533,0.07759459236892097
51902,2017,21,27,United Kingdom,2.2659484678745154,0.08624029346183751
51902,2019,73,28,United Kingdom,1.8102920580592647,0.0598125966868444
51903,2015,1,29,United Kingdom,0.4778748715114171,0.7175631684511979
51903,2017,3,30,United Kingdom,0.4577659367499004,0.6443237815241579
51903,2019,34,31,United Kingdom,0.09386163668628834,0.10395864225561736
51951,2015,20,32,United Kingdom,-0.5973772207227714,0.10113816560387873
51951,2017,37,33,United Kingdom,-0.9648315497199289,0.05188109840685192
53021,2011,5,1,Ireland,-1.2164639708350393,0.35042461043623324
53110,2007,77,2,Ireland,-0.9511765904816332,0.09709634949481441
53110,2011,87,3,Ireland,-0.06347443268618955,0.08213450143063457
53110,2016,152,4,Ireland,0.21394264726276638,0.06192250020938939
53110,2020,219,5,Ireland,-0.3456407485307827,0.05232792720504604
53231,2016,23,6,Ireland,0.9582688312030722,0.18113135359318328
53231,2020,38,7,Ireland,0.7096432922015244,0.14960679136489327
53240,2016,7,8,Ireland,0.9556023370655921,0.3147600383796842
53250,2016,3,9,Ireland,-1.6515813663924708,0.3902492952536295
53320,2007,83,10,Ireland,-1.226406072646021,0.08907749027258653
53320,2011,60,11,Ireland,0.39106277193040545,0.09662622435725894
53320,2016,79,12,Ireland,1.3955361240318698,0.08128395558297274
53320,2020,49,13,Ireland,0.36375243387472944,0.10856315085086075
53321,2016,41,14,Ireland,1.1255443876302693,0.119072686380193
53321,2020,124,15,Ireland,-0.5535371228488405,0.07907835442248187
53420,2007,48,16,Ireland,-1.232444511666987,0.13490301491871384
53520,2007,54,17,Ireland,0.1847824984515704,0.12567701594786673
53520,2011,46,18,Ireland,0.7249474800310887,0.09990808559192997
53520,2016,111,19,Ireland,2.0833315391148344,0.056238770740256544
53520,2020,125,20,Ireland,0.5493378302307617,0.06546415735040799
53620,2007,62,21,Ireland,-1.687396332326721,0.0923288785657623
53620,2011,2,22,Ireland,-1.3293653495558093,0.44147019242002816
53620,2016,37,23,Ireland,0.761365350763424,0.12780830853471317
53620,2020,104,24,Ireland,0.24061552822564972,0.07924990561403683
53951,2007,15,25,Ireland,-0.6652398609882442,0.22882135196783412
53951,2011,4,26,Ireland,-0.4803119712009555,0.3652594570829635
53951,2016,30,27,Ireland,1.233286648770819,0.13646379439135636
53951,2020,67,28,Ireland,0.3834243018529767,0.10804335870984194
53952,2020,32,29,Ireland,-0.8714056724816588,0.14607759955823202
